EXT1,EXT2,EXT3,EXT4,EXT5,EXT6,EXT7,EXT8,EXT9,EXT10,quality_score,suspicious,flag_reasons,data_quality,straightlining_triggered,logical_contradiction_triggered,mahalanobis_outlier_triggered,mahalanobis_distance,detector_details
4.0,1.0,5.0,2.0,5.0,1.0,5.0,2.0,4.0,1.0,100.0,False,,,False,False,False,2.426184026935451,"{""straightlining"": {""irv"": {""attitude_scale"": 2.5}}, ""logical_contradiction"": {}, ""mahalanobis_outlier"": {""distance"": 2.426184026935451}}"
3.0,5.0,3.0,4.0,3.0,3.0,2.0,5.0,1.0,5.0,100.0,False,,,False,False,False,4.325042419637845,"{""straightlining"": {""irv"": {""attitude_scale"": 0.6875}}, ""logical_contradiction"": {}, ""mahalanobis_outlier"": {""distance"": 4.325042419637845}}"
2.0,3.0,4.0,4.0,3.0,2.0,1.0,3.0,2.0,5.0,100.0,False,,,False,False,False,1.6338266669239676,"{""straightlining"": {""irv"": {""attitude_scale"": 0.6875}}, ""logical_contradiction"": {}, ""mahalanobis_outlier"": {""distance"": 1.6338266669239676}}"
2.0,2.0,2.0,3.0,4.0,2.0,2.0,4.0,1.0,4.0,100.0,False,Logical_Contradiction:EXT2/EXT3,,False,True,False,2.99336604048974,"{""straightlining"": {""irv"": {""attitude_scale"": 0.1875}}, ""logical_contradiction"": {}, ""mahalanobis_outlier"": {""distance"": 2.99336604048974}}"
3.0,3.0,3.0,3.0,5.0,3.0,3.0,5.0,3.0,4.0,50.0,False,Straightlining_Error:attitude_scale,,True,False,False,0.47407769225374574,"{""straightlining"": {""irv"": {""attitude_scale"": 0.0}}, ""logical_contradiction"": {}, ""mahalanobis_outlier"": {""distance"": 0.47407769225374574}}"
3.0,3.0,4.0,2.0,4.0,2.0,2.0,3.0,3.0,4.0,100.0,False,,,False,False,False,1.8861672188627305,"{""straightlining"": {""irv"": {""attitude_scale"": 0.5}}, ""logical_contradiction"": {}, ""mahalanobis_outlier"": {""distance"": 1.8861672188627305}}"
4.0,3.0,4.0,3.0,3.0,3.0,5.0,3.0,4.0,3.0,100.0,False,,,False,False,False,1.9149468946550907,"{""straightlining"": {""irv"": {""attitude_scale"": 0.25}}, ""logical_contradiction"": {}, ""mahalanobis_outlier"": {""distance"": 1.9149468946550907}}"
3.0,1.0,5.0,2.0,5.0,2.0,5.0,2.0,3.0,2.0,100.0,False,,,False,False,False,2.741547516840125,"{""straightlining"": {""irv"": {""attitude_scale"": 2.1875}}, ""logical_contradiction"": {}, ""mahalanobis_outlier"": {""distance"": 2.741547516840125}}"
2.0,2.0,3.0,3.0,4.0,2.0,2.0,2.0,4.0,4.0,100.0,False,,,False,False,False,1.1202391884493255,"{""straightlining"": {""irv"": {""attitude_scale"": 0.25}}, ""logical_contradiction"": {}, ""mahalanobis_outlier"": {""distance"": 1.1202391884493255}}"
1.0,5.0,3.0,5.0,2.0,3.0,2.0,4.0,5.0,4.0,100.0,False,,,False,False,False,4.2646816172359046,"{""straightlining"": {""irv"": {""attitude_scale"": 2.75}}, ""logical_contradiction"": {}, ""mahalanobis_outlier"": {""distance"": 4.2646816172359046}}"
3.0,3.0,2.0,3.0,3.0,2.0,4.0,3.0,3.0,5.0,100.0,False,,,False,False,False,2.4415639613587747,"{""straightlining"": {""irv"": {""attitude_scale"": 0.1875}}, ""logical_contradiction"": {}, ""mahalanobis_outlier"": {""distance"": 2.4415639613587747}}"
3.0,1.0,5.0,3.0,5.0,1.0,5.0,5.0,5.0,3.0,100.0,False,,,False,False,False,3.534276637927276,"{""straightlining"": {""irv"": {""attitude_scale"": 2.0}}, ""logical_contradiction"": {}, ""mahalanobis_outlier"": {""distance"": 3.534276637927276}}"
4.0,1.0,5.0,4.0,5.0,1.0,4.0,1.0,5.0,2.0,100.0,False,,,False,False,False,7.876911302066002,"{""straightlining"": {""irv"": {""attitude_scale"": 2.25}}, ""logical_contradiction"": {}, ""mahalanobis_outlier"": {""distance"": 7.876911302066002}}"
1.0,5.0,1.0,5.0,1.0,5.0,1.0,5.0,1.0,5.0,100.0,False,,,False,False,False,4.9817006426113615,"{""straightlining"": {""irv"": {""attitude_scale"": 4.0}}, ""logical_contradiction"": {}, ""mahalanobis_outlier"": {""distance"": 4.9817006426113615}}"
1.0,5.0,2.0,5.0,1.0,4.0,1.0,2.0,2.0,5.0,100.0,False,,,False,False,False,3.599514761935826,"{""straightlining"": {""irv"": {""attitude_scale"": 3.1875}}, ""logical_contradiction"": {}, ""mahalanobis_outlier"": {""distance"": 3.599514761935826}}"
2.0,1.0,3.0,4.0,4.0,3.0,5.0,3.0,3.0,5.0,100.0,False,,,False,False,False,5.244337318284009,"{""straightlining"": {""irv"": {""attitude_scale"": 1.25}}, ""logical_contradiction"": {}, ""mahalanobis_outlier"": {""distance"": 5.244337318284009}}"
1.0,4.0,2.0,4.0,2.0,3.0,2.0,4.0,2.0,4.0,100.0,False,,,False,False,False,2.259781171789173,"{""straightlining"": {""irv"": {""attitude_scale"": 1.6875}}, ""logical_contradiction"": {}, ""mahalanobis_outlier"": {""distance"": 2.259781171789173}}"
4.0,1.0,5.0,2.0,4.0,2.0,3.0,2.0,4.0,2.0,100.0,False,,,False,False,False,2.426184026935451,"{""straightlining"": {""irv"": {""attitude_scale"": 2.5}}, ""logical_contradiction"": {}, ""mahalanobis_outlier"": {""distance"": 2.426184026935451}}"
4.0,2.0,5.0,3.0,4.0,4.0,5.0,2.0,5.0,2.0,100.0,False,,,False,False,False,2.8243036967870774,"{""straightlining"": {""irv"": {""attitude_scale"": 1.25}}, ""logical_contradiction"": {}, ""mahalanobis_outlier"": {""distance"": 2.8243036967870774}}"
5.0,1.0,5.0,2.0,5.0,1.0,5.0,3.0,5.0,4.0,100.0,False,,,False,False,False,4.036156290987582,"{""straightlining"": {""irv"": {""attitude_scale"": 3.1875}}, ""logical_contradiction"": {}, ""mahalanobis_outlier"": {""distance"": 4.036156290987582}}"
3.0,3.0,2.0,3.0,4.0,3.0,1.0,5.0,1.0,2.0,100.0,False,,,False,False,False,2.4415639613587747,"{""straightlining"": {""irv"": {""attitude_scale"": 0.1875}}, ""logical_contradiction"": {}, ""mahalanobis_outlier"": {""distance"": 2.4415639613587747}}"
3.0,2.0,2.0,4.0,4.0,4.0,5.0,3.0,1.0,3.0,100.0,False,Logical_Contradiction:EXT2/EXT3,,False,True,False,4.284976146328774,"{""straightlining"": {""irv"": {""attitude_scale"": 0.6875}}, ""logical_contradiction"": {}, ""mahalanobis_outlier"": {""distance"": 4.284976146328774}}"
1.0,4.0,3.0,4.0,2.0,3.0,2.0,5.0,2.0,5.0,100.0,False,,,False,False,False,2.093163780012327,"{""straightlining"": {""irv"": {""attitude_scale"": 1.5}}, ""logical_contradiction"": {}, ""mahalanobis_outlier"": {""distance"": 2.093163780012327}}"
3.0,4.0,4.0,3.0,3.0,4.0,2.0,2.0,0.0,5.0,100.0,False,Logical_Contradiction:EXT2/EXT3,,False,True,False,2.437847170243234,"{""straightlining"": {""irv"": {""attitude_scale"": 0.25}}, ""logical_contradiction"": {}, ""mahalanobis_outlier"": {""distance"": 2.437847170243234}}"
1.0,5.0,1.0,4.0,1.0,5.0,1.0,5.0,1.0,5.0,100.0,False,,,False,False,False,5.626533482983147,"{""straightlining"": {""irv"": {""attitude_scale"": 3.1875}}, ""logical_contradiction"": {}, ""mahalanobis_outlier"": {""distance"": 5.626533482983147}}"
2.0,2.0,3.0,5.0,5.0,3.0,5.0,5.0,4.0,5.0,100.0,False,,,False,False,False,5.47175767803441,"{""straightlining"": {""irv"": {""attitude_scale"": 1.5}}, ""logical_contradiction"": {}, ""mahalanobis_outlier"": {""distance"": 5.47175767803441}}"
4.0,1.0,5.0,3.0,5.0,1.0,5.0,5.0,5.0,1.0,100.0,False,,,False,False,False,3.8914119759706884,"{""straightlining"": {""irv"": {""attitude_scale"": 2.1875}}, ""logical_contradiction"": {}, ""mahalanobis_outlier"": {""distance"": 3.8914119759706884}}"
1.0,3.0,1.0,5.0,1.0,4.0,1.0,5.0,1.0,5.0,100.0,False,,,False,False,False,6.159915472310168,"{""straightlining"": {""irv"": {""attitude_scale"": 2.75}}, ""logical_contradiction"": {}, ""mahalanobis_outlier"": {""distance"": 6.159915472310168}}"
2.0,2.0,3.0,5.0,3.0,3.0,1.0,4.0,1.0,3.0,100.0,False,,,False,False,False,5.47175767803441,"{""straightlining"": {""irv"": {""attitude_scale"": 1.5}}, ""logical_contradiction"": {}, ""mahalanobis_outlier"": {""distance"": 5.47175767803441}}"
2.0,4.0,4.0,2.0,3.0,3.0,3.0,3.0,3.0,3.0,100.0,False,Logical_Contradiction:EXT2/EXT3,,False,True,False,5.588914951079726,"{""straightlining"": {""irv"": {""attitude_scale"": 1.0}}, ""logical_contradiction"": {}, ""mahalanobis_outlier"": {""distance"": 5.588914951079726}}"
2.0,4.0,5.0,4.0,4.0,1.0,5.0,4.0,4.0,3.0,100.0,False,Logical_Contradiction:EXT2/EXT3,,False,True,False,5.859937486005943,"{""straightlining"": {""irv"": {""attitude_scale"": 1.1875}}, ""logical_contradiction"": {}, ""mahalanobis_outlier"": {""distance"": 5.859937486005943}}"
2.0,4.0,2.0,4.0,3.0,4.0,2.0,5.0,2.0,4.0,100.0,False,,,False,False,False,1.6713583987865275,"{""straightlining"": {""irv"": {""attitude_scale"": 1.0}}, ""logical_contradiction"": {}, ""mahalanobis_outlier"": {""distance"": 1.6713583987865275}}"
3.0,2.0,4.0,2.0,2.0,3.0,3.0,2.0,4.0,4.0,100.0,False,,,False,False,False,0.9610171566112005,"{""straightlining"": {""irv"": {""attitude_scale"": 0.6875}}, ""logical_contradiction"": {}, ""mahalanobis_outlier"": {""distance"": 0.9610171566112005}}"
3.0,4.0,3.0,2.0,5.0,4.0,2.0,4.0,4.0,4.0,100.0,False,,,False,False,False,4.583297629970765,"{""straightlining"": {""irv"": {""attitude_scale"": 0.5}}, ""logical_contradiction"": {}, ""mahalanobis_outlier"": {""distance"": 4.583297629970765}}"
2.0,2.0,0.0,2.0,5.0,1.0,2.0,3.0,3.0,4.0,50.0,False,Logical_Contradiction:EXT2/EXT3;Mahalanobis_Outlier,,False,True,True,15.811129820342709,"{""straightlining"": {""irv"": {""attitude_scale"": 0.75}}, ""logical_contradiction"": {}, ""mahalanobis_outlier"": {""distance"": 15.811129820342709}}"
1.0,4.0,4.0,5.0,4.0,3.0,3.0,5.0,1.0,3.0,100.0,False,Logical_Contradiction:EXT2/EXT3,,False,True,False,5.495545746791858,"{""straightlining"": {""irv"": {""attitude_scale"": 2.25}}, ""logical_contradiction"": {}, ""mahalanobis_outlier"": {""distance"": 5.495545746791858}}"
5.0,1.0,4.0,1.0,5.0,2.0,5.0,2.0,5.0,3.0,100.0,False,,,False,False,False,4.924134812623244,"{""straightlining"": {""irv"": {""attitude_scale"": 3.1875}}, ""logical_contradiction"": {}, ""mahalanobis_outlier"": {""distance"": 4.924134812623244}}"
3.0,2.0,3.0,4.0,2.0,2.0,3.0,4.0,3.0,4.0,100.0,False,,,False,False,False,2.36890832817864,"{""straightlining"": {""irv"": {""attitude_scale"": 0.5}}, ""logical_contradiction"": {}, ""mahalanobis_outlier"": {""distance"": 2.36890832817864}}"
2.0,3.0,3.0,4.0,2.0,4.0,1.0,3.0,3.0,4.0,100.0,False,,,False,False,False,0.6278165359118435,"{""straightlining"": {""irv"": {""attitude_scale"": 0.5}}, ""logical_contradiction"": {}, ""mahalanobis_outlier"": {""distance"": 0.6278165359118435}}"
5.0,1.0,5.0,2.0,5.0,1.0,5.0,2.0,4.0,2.0,100.0,False,,,False,False,False,4.036156290987582,"{""straightlining"": {""irv"": {""attitude_scale"": 3.1875}}, ""logical_contradiction"": {}, ""mahalanobis_outlier"": {""distance"": 4.036156290987582}}"
2.0,3.0,3.0,4.0,3.0,3.0,1.0,4.0,2.0,3.0,100.0,False,,,False,False,False,0.6278165359118435,"{""straightlining"": {""irv"": {""attitude_scale"": 0.5}}, ""logical_contradiction"": {}, ""mahalanobis_outlier"": {""distance"": 0.6278165359118435}}"
3.0,4.0,3.0,4.0,4.0,2.0,2.0,2.0,4.0,4.0,100.0,False,,,False,False,False,1.8725693577125817,"{""straightlining"": {""irv"": {""attitude_scale"": 0.25}}, ""logical_contradiction"": {}, ""mahalanobis_outlier"": {""distance"": 1.8725693577125817}}"
3.0,3.0,5.0,2.0,5.0,1.0,4.0,2.0,5.0,1.0,100.0,False,,,False,False,False,3.5717850726930203,"{""straightlining"": {""irv"": {""attitude_scale"": 1.1875}}, ""logical_contradiction"": {}, ""mahalanobis_outlier"": {""distance"": 3.5717850726930203}}"
2.0,1.0,4.0,1.0,5.0,2.0,2.0,5.0,1.0,3.0,100.0,False,,,False,False,False,6.434094820804636,"{""straightlining"": {""irv"": {""attitude_scale"": 1.5}}, ""logical_contradiction"": {}, ""mahalanobis_outlier"": {""distance"": 6.434094820804636}}"
2.0,4.0,5.0,3.0,5.0,1.0,3.0,5.0,5.0,5.0,100.0,False,Logical_Contradiction:EXT2/EXT3,,False,True,False,5.7444620635212615,"{""straightlining"": {""irv"": {""attitude_scale"": 1.25}}, ""logical_contradiction"": {}, ""mahalanobis_outlier"": {""distance"": 5.7444620635212615}}"
3.0,1.0,4.0,3.0,4.0,2.0,3.0,2.0,4.0,5.0,100.0,False,,,False,False,False,2.187423231203105,"{""straightlining"": {""irv"": {""attitude_scale"": 1.1875}}, ""logical_contradiction"": {}, ""mahalanobis_outlier"": {""distance"": 2.187423231203105}}"
4.0,2.0,4.0,2.0,3.0,0.0,2.0,2.0,4.0,3.0,100.0,False,,,False,False,False,1.3898585230130152,"{""straightlining"": {""irv"": {""attitude_scale"": 1.0}}, ""logical_contradiction"": {}, ""mahalanobis_outlier"": {""distance"": 1.3898585230130152}}"
3.0,3.0,4.0,3.0,4.0,0.0,4.0,3.0,2.0,3.0,100.0,False,,,False,False,False,0.5539441591243308,"{""straightlining"": {""irv"": {""attitude_scale"": 0.1875}}, ""logical_contradiction"": {}, ""mahalanobis_outlier"": {""distance"": 0.5539441591243308}}"
2.0,4.0,4.0,2.0,3.0,2.0,2.0,4.0,1.0,5.0,100.0,False,Logical_Contradiction:EXT2/EXT3,,False,True,False,5.588914951079726,"{""straightlining"": {""irv"": {""attitude_scale"": 1.0}}, ""logical_contradiction"": {}, ""mahalanobis_outlier"": {""distance"": 5.588914951079726}}"
3.0,5.0,4.0,3.0,3.0,4.0,2.0,2.0,2.0,4.0,100.0,False,Logical_Contradiction:EXT2/EXT3,,False,True,False,6.122178546134333,"{""straightlining"": {""irv"": {""attitude_scale"": 0.6875}}, ""logical_contradiction"": {}, ""mahalanobis_outlier"": {""distance"": 6.122178546134333}}"
4.0,1.0,5.0,1.0,5.0,2.0,5.0,1.0,5.0,1.0,100.0,False,,,False,False,False,3.4812274549602917,"{""straightlining"": {""irv"": {""attitude_scale"": 3.1875}}, ""logical_contradiction"": {}, ""mahalanobis_outlier"": {""distance"": 3.4812274549602917}}"
1.0,2.0,3.0,4.0,3.0,3.0,2.0,5.0,1.0,5.0,100.0,False,,,False,False,False,3.6281529152018233,"{""straightlining"": {""irv"": {""attitude_scale"": 1.25}}, ""logical_contradiction"": {}, ""mahalanobis_outlier"": {""distance"": 3.6281529152018233}}"
1.0,4.0,1.0,3.0,2.0,3.0,2.0,3.0,4.0,4.0,100.0,False,,,False,False,False,6.797180101068676,"{""straightlining"": {""irv"": {""attitude_scale"": 1.6875}}, ""logical_contradiction"": {}, ""mahalanobis_outlier"": {""distance"": 6.797180101068676}}"
1.0,4.0,5.0,4.0,4.0,1.0,2.0,1.0,1.0,2.0,100.0,False,Logical_Contradiction:EXT2/EXT3,,False,True,False,7.9019872043854775,"{""straightlining"": {""irv"": {""attitude_scale"": 2.25}}, ""logical_contradiction"": {}, ""mahalanobis_outlier"": {""distance"": 7.9019872043854775}}"
2.0,4.0,4.0,4.0,4.0,2.0,2.0,4.0,4.0,4.0,100.0,False,Logical_Contradiction:EXT2/EXT3,,False,True,False,2.4163917209571903,"{""straightlining"": {""irv"": {""attitude_scale"": 0.75}}, ""logical_contradiction"": {}, ""mahalanobis_outlier"": {""distance"": 2.4163917209571903}}"
5.0,1.0,5.0,2.0,4.0,1.0,4.0,3.0,4.0,2.0,100.0,False,,,False,False,False,4.036156290987582,"{""straightlining"": {""irv"": {""attitude_scale"": 3.1875}}, ""logical_contradiction"": {}, ""mahalanobis_outlier"": {""distance"": 4.036156290987582}}"
2.0,4.0,3.0,5.0,2.0,4.0,3.0,3.0,4.0,5.0,100.0,False,,,False,False,False,2.7727427933969913,"{""straightlining"": {""irv"": {""attitude_scale"": 1.25}}, ""logical_contradiction"": {}, ""mahalanobis_outlier"": {""distance"": 2.7727427933969913}}"
3.0,2.0,5.0,1.0,3.0,2.0,5.0,3.0,2.0,4.0,100.0,False,,,False,False,False,4.825669784258223,"{""straightlining"": {""irv"": {""attitude_scale"": 2.1875}}, ""logical_contradiction"": {}, ""mahalanobis_outlier"": {""distance"": 4.825669784258223}}"
4.0,5.0,4.0,4.0,4.0,1.0,2.0,2.0,0.0,3.0,100.0,False,Logical_Contradiction:EXT2/EXT3,,False,True,False,8.179702677486933,"{""straightlining"": {""irv"": {""attitude_scale"": 0.1875}}, ""logical_contradiction"": {}, ""mahalanobis_outlier"": {""distance"": 8.179702677486933}}"
3.0,3.0,4.0,3.0,2.0,2.0,3.0,5.0,4.0,5.0,100.0,False,,,False,False,False,0.5539441591243308,"{""straightlining"": {""irv"": {""attitude_scale"": 0.1875}}, ""logical_contradiction"": {}, ""mahalanobis_outlier"": {""distance"": 0.5539441591243308}}"
2.0,1.0,3.0,3.0,5.0,2.0,4.0,5.0,5.0,3.0,100.0,False,,,False,False,False,3.487038346116684,"{""straightlining"": {""irv"": {""attitude_scale"": 0.6875}}, ""logical_contradiction"": {}, ""mahalanobis_outlier"": {""distance"": 3.487038346116684}}"
5.0,1.0,5.0,1.0,5.0,1.0,5.0,3.0,3.0,3.0,100.0,False,,,False,False,False,4.418700891064336,"{""straightlining"": {""irv"": {""attitude_scale"": 4.0}}, ""logical_contradiction"": {}, ""mahalanobis_outlier"": {""distance"": 4.418700891064336}}"
5.0,1.0,3.0,1.0,5.0,1.0,5.0,1.0,5.0,1.0,100.0,False,,,False,False,False,7.476921470157766,"{""straightlining"": {""irv"": {""attitude_scale"": 2.75}}, ""logical_contradiction"": {}, ""mahalanobis_outlier"": {""distance"": 7.476921470157766}}"
4.0,1.0,4.0,2.0,5.0,1.0,4.0,2.0,5.0,2.0,100.0,False,,,False,False,False,2.00547428435282,"{""straightlining"": {""irv"": {""attitude_scale"": 1.6875}}, ""logical_contradiction"": {}, ""mahalanobis_outlier"": {""distance"": 2.00547428435282}}"
1.0,4.0,3.0,5.0,2.0,5.0,3.0,4.0,4.0,3.0,100.0,False,,,False,False,False,3.17320905357718,"{""straightlining"": {""irv"": {""attitude_scale"": 2.1875}}, ""logical_contradiction"": {}, ""mahalanobis_outlier"": {""distance"": 3.17320905357718}}"
3.0,3.0,2.0,2.0,4.0,2.0,3.0,3.0,4.0,3.0,100.0,False,,,False,False,False,4.656989719128994,"{""straightlining"": {""irv"": {""attitude_scale"": 0.25}}, ""logical_contradiction"": {}, ""mahalanobis_outlier"": {""distance"": 4.656989719128994}}"
2.0,3.0,2.0,4.0,2.0,2.0,2.0,3.0,3.0,4.0,100.0,False,,,False,False,False,1.6691591408753337,"{""straightlining"": {""irv"": {""attitude_scale"": 0.6875}}, ""logical_contradiction"": {}, ""mahalanobis_outlier"": {""distance"": 1.6691591408753337}}"
4.0,3.0,4.0,2.0,2.0,4.0,4.0,2.0,4.0,4.0,100.0,False,,,False,False,False,2.5746711264454047,"{""straightlining"": {""irv"": {""attitude_scale"": 0.6875}}, ""logical_contradiction"": {}, ""mahalanobis_outlier"": {""distance"": 2.5746711264454047}}"
3.0,5.0,3.0,4.0,2.0,5.0,2.0,4.0,5.0,5.0,100.0,False,,,False,False,False,4.325042419637845,"{""straightlining"": {""irv"": {""attitude_scale"": 0.6875}}, ""logical_contradiction"": {}, ""mahalanobis_outlier"": {""distance"": 4.325042419637845}}"
1.0,5.0,2.0,4.0,2.0,4.0,1.0,2.0,4.0,5.0,100.0,False,,,False,False,False,3.8027462532917027,"{""straightlining"": {""irv"": {""attitude_scale"": 2.5}}, ""logical_contradiction"": {}, ""mahalanobis_outlier"": {""distance"": 3.8027462532917027}}"
3.0,4.0,5.0,3.0,5.0,2.0,4.0,4.0,5.0,3.0,100.0,False,Logical_Contradiction:EXT2/EXT3,,False,True,False,4.955249271150447,"{""straightlining"": {""irv"": {""attitude_scale"": 0.6875}}, ""logical_contradiction"": {}, ""mahalanobis_outlier"": {""distance"": 4.955249271150447}}"
3.0,4.0,1.0,4.0,3.0,2.0,2.0,4.0,3.0,5.0,100.0,False,,,False,False,False,6.191326137744404,"{""straightlining"": {""irv"": {""attitude_scale"": 1.5}}, ""logical_contradiction"": {}, ""mahalanobis_outlier"": {""distance"": 6.191326137744404}}"
1.0,5.0,1.0,5.0,1.0,5.0,1.0,5.0,1.0,1.0,100.0,False,,,False,False,False,4.9817006426113615,"{""straightlining"": {""irv"": {""attitude_scale"": 4.0}}, ""logical_contradiction"": {}, ""mahalanobis_outlier"": {""distance"": 4.9817006426113615}}"
2.0,3.0,3.0,3.0,3.0,3.0,4.0,3.0,3.0,4.0,100.0,False,,,False,False,False,0.553868395554161,"{""straightlining"": {""irv"": {""attitude_scale"": 0.1875}}, ""logical_contradiction"": {}, ""mahalanobis_outlier"": {""distance"": 0.553868395554161}}"
2.0,2.0,3.0,3.0,5.0,2.0,2.0,5.0,2.0,3.0,100.0,False,,,False,False,False,1.1202391884493255,"{""straightlining"": {""irv"": {""attitude_scale"": 0.25}}, ""logical_contradiction"": {}, ""mahalanobis_outlier"": {""distance"": 1.1202391884493255}}"
1.0,4.0,2.0,5.0,3.0,1.0,1.0,5.0,3.0,5.0,100.0,False,,,False,False,False,2.898225096338117,"{""straightlining"": {""irv"": {""attitude_scale"": 2.5}}, ""logical_contradiction"": {}, ""mahalanobis_outlier"": {""distance"": 2.898225096338117}}"
4.0,2.0,5.0,2.0,5.0,1.0,4.0,2.0,4.0,2.0,100.0,False,,,False,False,False,2.2007511636566606,"{""straightlining"": {""irv"": {""attitude_scale"": 1.6875}}, ""logical_contradiction"": {}, ""mahalanobis_outlier"": {""distance"": 2.2007511636566606}}"
1.0,5.0,3.0,4.0,3.0,5.0,2.0,4.0,2.0,3.0,100.0,False,,,False,False,False,4.026311759575873,"{""straightlining"": {""irv"": {""attitude_scale"": 2.1875}}, ""logical_contradiction"": {}, ""mahalanobis_outlier"": {""distance"": 4.026311759575873}}"
2.0,2.0,2.0,4.0,3.0,2.0,1.0,4.0,4.0,5.0,100.0,False,Logical_Contradiction:EXT2/EXT3,,False,True,False,3.467388247736333,"{""straightlining"": {""irv"": {""attitude_scale"": 0.75}}, ""logical_contradiction"": {}, ""mahalanobis_outlier"": {""distance"": 3.467388247736333}}"
3.0,2.0,5.0,3.0,4.0,2.0,4.0,3.0,3.0,3.0,100.0,False,,,False,False,False,2.207505817562806,"{""straightlining"": {""irv"": {""attitude_scale"": 1.1875}}, ""logical_contradiction"": {}, ""mahalanobis_outlier"": {""distance"": 2.207505817562806}}"
4.0,1.0,5.0,2.0,5.0,1.0,4.0,2.0,4.0,2.0,100.0,False,,,False,False,False,2.426184026935451,"{""straightlining"": {""irv"": {""attitude_scale"": 2.5}}, ""logical_contradiction"": {}, ""mahalanobis_outlier"": {""distance"": 2.426184026935451}}"
3.0,1.0,5.0,2.0,5.0,1.0,4.0,3.0,4.0,1.0,100.0,False,,,False,False,False,2.741547516840125,"{""straightlining"": {""irv"": {""attitude_scale"": 2.1875}}, ""logical_contradiction"": {}, ""mahalanobis_outlier"": {""distance"": 2.741547516840125}}"
4.0,2.0,3.0,3.0,4.0,2.0,4.0,2.0,4.0,4.0,100.0,False,,,False,False,False,2.366668453443581,"{""straightlining"": {""irv"": {""attitude_scale"": 0.5}}, ""logical_contradiction"": {}, ""mahalanobis_outlier"": {""distance"": 2.366668453443581}}"
1.0,5.0,1.0,5.0,1.0,5.0,1.0,5.0,1.0,5.0,100.0,False,,,False,False,False,4.9817006426113615,"{""straightlining"": {""irv"": {""attitude_scale"": 4.0}}, ""logical_contradiction"": {}, ""mahalanobis_outlier"": {""distance"": 4.9817006426113615}}"
4.0,3.0,3.0,3.0,4.0,1.0,3.0,3.0,4.0,5.0,100.0,False,,,False,False,False,2.319622742910135,"{""straightlining"": {""irv"": {""attitude_scale"": 0.1875}}, ""logical_contradiction"": {}, ""mahalanobis_outlier"": {""distance"": 2.319622742910135}}"
4.0,1.0,5.0,2.0,4.0,1.0,4.0,4.0,2.0,3.0,100.0,False,,,False,False,False,2.426184026935451,"{""straightlining"": {""irv"": {""attitude_scale"": 2.5}}, ""logical_contradiction"": {}, ""mahalanobis_outlier"": {""distance"": 2.426184026935451}}"
2.0,4.0,2.0,5.0,1.0,2.0,2.0,4.0,2.0,5.0,100.0,False,,,False,False,False,2.9823011512835573,"{""straightlining"": {""irv"": {""attitude_scale"": 1.6875}}, ""logical_contradiction"": {}, ""mahalanobis_outlier"": {""distance"": 2.9823011512835573}}"
4.0,1.0,5.0,1.0,5.0,1.0,4.0,2.0,4.0,2.0,100.0,False,,,False,False,False,3.4812274549602917,"{""straightlining"": {""irv"": {""attitude_scale"": 3.1875}}, ""logical_contradiction"": {}, ""mahalanobis_outlier"": {""distance"": 3.4812274549602917}}"
3.0,2.0,3.0,2.0,4.0,2.0,3.0,4.0,2.0,1.0,100.0,False,,,False,False,False,1.7129349368175393,"{""straightlining"": {""irv"": {""attitude_scale"": 0.25}}, ""logical_contradiction"": {}, ""mahalanobis_outlier"": {""distance"": 1.7129349368175393}}"
4.0,1.0,4.0,4.0,5.0,1.0,5.0,1.0,5.0,2.0,100.0,False,,,False,False,False,6.572998861451553,"{""straightlining"": {""irv"": {""attitude_scale"": 1.6875}}, ""logical_contradiction"": {}, ""mahalanobis_outlier"": {""distance"": 6.572998861451553}}"
3.0,3.0,5.0,3.0,5.0,2.0,3.0,3.0,4.0,3.0,100.0,False,,,False,False,False,2.6811633619705297,"{""straightlining"": {""irv"": {""attitude_scale"": 0.75}}, ""logical_contradiction"": {}, ""mahalanobis_outlier"": {""distance"": 2.6811633619705297}}"
4.0,1.0,2.0,2.0,4.0,1.0,3.0,2.0,4.0,5.0,100.0,False,Logical_Contradiction:EXT2/EXT3,,False,True,False,7.306113007114399,"{""straightlining"": {""irv"": {""attitude_scale"": 1.1875}}, ""logical_contradiction"": {}, ""mahalanobis_outlier"": {""distance"": 7.306113007114399}}"
2.0,4.0,4.0,5.0,3.0,4.0,1.0,5.0,2.0,5.0,100.0,False,Logical_Contradiction:EXT2/EXT3,,False,True,False,4.6105371714860395,"{""straightlining"": {""irv"": {""attitude_scale"": 1.1875}}, ""logical_contradiction"": {}, ""mahalanobis_outlier"": {""distance"": 4.6105371714860395}}"
2.0,2.0,4.0,3.0,5.0,3.0,4.0,3.0,4.0,3.0,100.0,False,,,False,False,False,1.2944650723845257,"{""straightlining"": {""irv"": {""attitude_scale"": 0.6875}}, ""logical_contradiction"": {}, ""mahalanobis_outlier"": {""distance"": 1.2944650723845257}}"
1.0,4.0,3.0,4.0,3.0,3.0,2.0,4.0,2.0,4.0,100.0,False,,,False,False,False,2.093163780012327,"{""straightlining"": {""irv"": {""attitude_scale"": 1.5}}, ""logical_contradiction"": {}, ""mahalanobis_outlier"": {""distance"": 2.093163780012327}}"
3.0,2.0,3.0,2.0,4.0,2.0,4.0,3.0,4.0,3.0,100.0,False,,,False,False,False,1.7129349368175393,"{""straightlining"": {""irv"": {""attitude_scale"": 0.25}}, ""logical_contradiction"": {}, ""mahalanobis_outlier"": {""distance"": 1.7129349368175393}}"
1.0,1.0,5.0,1.0,5.0,1.0,1.0,1.0,1.0,2.0,50.0,False,Mahalanobis_Outlier,,False,False,True,12.220821670388986,"{""straightlining"": {""irv"": {""attitude_scale"": 3.0}}, ""logical_contradiction"": {}, ""mahalanobis_outlier"": {""distance"": 12.220821670388986}}"
4.0,3.0,5.0,2.0,5.0,1.0,4.0,3.0,4.0,3.0,100.0,False,,,False,False,False,3.7757466651500646,"{""straightlining"": {""irv"": {""attitude_scale"": 1.25}}, ""logical_contradiction"": {}, ""mahalanobis_outlier"": {""distance"": 3.7757466651500646}}"
3.0,4.0,2.0,2.0,3.0,2.0,2.0,3.0,1.0,3.0,100.0,False,,,False,False,False,6.602202350030688,"{""straightlining"": {""irv"": {""attitude_scale"": 0.6875}}, ""logical_contradiction"": {}, ""mahalanobis_outlier"": {""distance"": 6.602202350030688}}"
2.0,4.0,2.0,4.0,3.0,4.0,3.0,5.0,2.0,5.0,100.0,False,,,False,False,False,1.6713583987865275,"{""straightlining"": {""irv"": {""attitude_scale"": 1.0}}, ""logical_contradiction"": {}, ""mahalanobis_outlier"": {""distance"": 1.6713583987865275}}"
3.0,2.0,5.0,3.0,4.0,2.0,4.0,3.0,3.0,3.0,100.0,False,,,False,False,False,2.207505817562806,"{""straightlining"": {""irv"": {""attitude_scale"": 1.1875}}, ""logical_contradiction"": {}, ""mahalanobis_outlier"": {""distance"": 2.207505817562806}}"
1.0,4.0,2.0,4.0,2.0,2.0,2.0,4.0,1.0,4.0,100.0,False,,,False,False,False,2.259781171789173,"{""straightlining"": {""irv"": {""attitude_scale"": 1.6875}}, ""logical_contradiction"": {}, ""mahalanobis_outlier"": {""distance"": 2.259781171789173}}"
2.0,2.0,5.0,3.0,5.0,2.0,5.0,4.0,3.0,2.0,100.0,False,,,False,False,False,3.51604369229534,"{""straightlining"": {""irv"": {""attitude_scale"": 1.5}}, ""logical_contradiction"": {}, ""mahalanobis_outlier"": {""distance"": 3.51604369229534}}"
3.0,2.0,4.0,3.0,4.0,2.0,4.0,3.0,4.0,2.0,100.0,False,,,False,False,False,0.4704695127776213,"{""straightlining"": {""irv"": {""attitude_scale"": 0.5}}, ""logical_contradiction"": {}, ""mahalanobis_outlier"": {""distance"": 0.4704695127776213}}"
3.0,1.0,5.0,4.0,5.0,2.0,3.0,4.0,4.0,2.0,100.0,False,,,False,False,False,6.847277136074505,"{""straightlining"": {""irv"": {""attitude_scale"": 2.1875}}, ""logical_contradiction"": {}, ""mahalanobis_outlier"": {""distance"": 6.847277136074505}}"
3.0,3.0,3.0,4.0,4.0,2.0,2.0,3.0,2.0,3.0,100.0,False,,,False,False,False,1.220524660559514,"{""straightlining"": {""irv"": {""attitude_scale"": 0.1875}}, ""logical_contradiction"": {}, ""mahalanobis_outlier"": {""distance"": 1.220524660559514}}"
2.0,5.0,3.0,5.0,2.0,5.0,2.0,5.0,2.0,5.0,100.0,False,,,False,False,False,4.123877898236574,"{""straightlining"": {""irv"": {""attitude_scale"": 1.6875}}, ""logical_contradiction"": {}, ""mahalanobis_outlier"": {""distance"": 4.123877898236574}}"
2.0,1.0,4.0,2.0,4.0,2.0,4.0,3.0,2.0,4.0,100.0,False,,,False,False,False,3.5924523878677137,"{""straightlining"": {""irv"": {""attitude_scale"": 1.1875}}, ""logical_contradiction"": {}, ""mahalanobis_outlier"": {""distance"": 3.5924523878677137}}"
4.0,2.0,5.0,2.0,3.0,2.0,3.0,4.0,4.0,2.0,100.0,False,,,False,False,False,2.2007511636566606,"{""straightlining"": {""irv"": {""attitude_scale"": 1.6875}}, ""logical_contradiction"": {}, ""mahalanobis_outlier"": {""distance"": 2.2007511636566606}}"
4.0,1.0,4.0,2.0,4.0,3.0,5.0,2.0,5.0,2.0,100.0,False,,,False,False,False,2.00547428435282,"{""straightlining"": {""irv"": {""attitude_scale"": 1.6875}}, ""logical_contradiction"": {}, ""mahalanobis_outlier"": {""distance"": 2.00547428435282}}"
1.0,5.0,1.0,4.0,1.0,4.0,1.0,5.0,2.0,5.0,100.0,False,,,False,False,False,5.626533482983147,"{""straightlining"": {""irv"": {""attitude_scale"": 3.1875}}, ""logical_contradiction"": {}, ""mahalanobis_outlier"": {""distance"": 5.626533482983147}}"
2.0,2.0,5.0,4.0,5.0,1.0,3.0,4.0,2.0,3.0,100.0,False,,,False,False,False,5.314869946589662,"{""straightlining"": {""irv"": {""attitude_scale"": 1.6875}}, ""logical_contradiction"": {}, ""mahalanobis_outlier"": {""distance"": 5.314869946589662}}"
1.0,3.0,5.0,4.0,4.0,4.0,1.0,3.0,1.0,4.0,100.0,False,,,False,False,False,6.988901793472099,"{""straightlining"": {""irv"": {""attitude_scale"": 2.1875}}, ""logical_contradiction"": {}, ""mahalanobis_outlier"": {""distance"": 6.988901793472099}}"
4.0,3.0,1.0,3.0,3.0,1.0,4.0,5.0,3.0,5.0,100.0,False,,,False,False,False,9.271032647347065,"{""straightlining"": {""irv"": {""attitude_scale"": 1.1875}}, ""logical_contradiction"": {}, ""mahalanobis_outlier"": {""distance"": 9.271032647347065}}"
4.0,2.0,4.0,3.0,5.0,2.0,4.0,4.0,2.0,2.0,100.0,False,,,False,False,False,1.571809707127522,"{""straightlining"": {""irv"": {""attitude_scale"": 0.6875}}, ""logical_contradiction"": {}, ""mahalanobis_outlier"": {""distance"": 1.571809707127522}}"
3.0,4.0,4.0,3.0,3.0,2.0,4.0,3.0,3.0,2.0,100.0,False,Logical_Contradiction:EXT2/EXT3,,False,True,False,2.437847170243234,"{""straightlining"": {""irv"": {""attitude_scale"": 0.25}}, ""logical_contradiction"": {}, ""mahalanobis_outlier"": {""distance"": 2.437847170243234}}"
2.0,3.0,3.0,3.0,3.0,3.0,4.0,4.0,2.0,2.0,100.0,False,,,False,False,False,0.553868395554161,"{""straightlining"": {""irv"": {""attitude_scale"": 0.1875}}, ""logical_contradiction"": {}, ""mahalanobis_outlier"": {""distance"": 0.553868395554161}}"
2.0,4.0,3.0,4.0,4.0,3.0,2.0,3.0,2.0,3.0,100.0,False,,,False,False,False,1.020198691884052,"{""straightlining"": {""irv"": {""attitude_scale"": 0.6875}}, ""logical_contradiction"": {}, ""mahalanobis_outlier"": {""distance"": 1.020198691884052}}"
1.0,1.0,1.0,5.0,1.0,1.0,1.0,5.0,5.0,5.0,50.0,False,Logical_Contradiction:EXT2/EXT3;Mahalanobis_Outlier,,False,True,True,14.53984376109775,"{""straightlining"": {""irv"": {""attitude_scale"": 3.0}}, ""logical_contradiction"": {}, ""mahalanobis_outlier"": {""distance"": 14.53984376109775}}"
3.0,2.0,4.0,2.0,4.0,1.0,3.0,3.0,4.0,2.0,100.0,False,,,False,False,False,0.9610171566112005,"{""straightlining"": {""irv"": {""attitude_scale"": 0.6875}}, ""logical_contradiction"": {}, ""mahalanobis_outlier"": {""distance"": 0.9610171566112005}}"
2.0,4.0,2.0,4.0,2.0,4.0,1.0,4.0,2.0,5.0,100.0,False,,,False,False,False,1.6713583987865275,"{""straightlining"": {""irv"": {""attitude_scale"": 1.0}}, ""logical_contradiction"": {}, ""mahalanobis_outlier"": {""distance"": 1.6713583987865275}}"
1.0,4.0,2.0,4.0,3.0,4.0,2.0,1.0,2.0,4.0,100.0,False,,,False,False,False,2.259781171789173,"{""straightlining"": {""irv"": {""attitude_scale"": 1.6875}}, ""logical_contradiction"": {}, ""mahalanobis_outlier"": {""distance"": 2.259781171789173}}"
4.0,1.0,4.0,4.0,5.0,1.0,5.0,1.0,5.0,2.0,100.0,False,,,False,False,False,6.572998861451553,"{""straightlining"": {""irv"": {""attitude_scale"": 1.6875}}, ""logical_contradiction"": {}, ""mahalanobis_outlier"": {""distance"": 6.572998861451553}}"
4.0,5.0,4.0,3.0,1.0,1.0,1.0,5.0,4.0,5.0,100.0,False,Logical_Contradiction:EXT2/EXT3,,False,True,False,8.00250636402681,"{""straightlining"": {""irv"": {""attitude_scale"": 0.5}}, ""logical_contradiction"": {}, ""mahalanobis_outlier"": {""distance"": 8.00250636402681}}"
4.0,2.0,4.0,3.0,4.0,2.0,2.0,3.0,4.0,3.0,100.0,False,,,False,False,False,1.571809707127522,"{""straightlining"": {""irv"": {""attitude_scale"": 0.6875}}, ""logical_contradiction"": {}, ""mahalanobis_outlier"": {""distance"": 1.571809707127522}}"
1.0,4.0,4.0,3.0,4.0,2.0,3.0,4.0,3.0,2.0,100.0,False,Logical_Contradiction:EXT2/EXT3,,False,True,False,4.972523878690408,"{""straightlining"": {""irv"": {""attitude_scale"": 1.5}}, ""logical_contradiction"": {}, ""mahalanobis_outlier"": {""distance"": 4.972523878690408}}"
3.0,2.0,4.0,3.0,4.0,2.0,2.0,3.0,3.0,2.0,100.0,False,,,False,False,False,0.4704695127776213,"{""straightlining"": {""irv"": {""attitude_scale"": 0.5}}, ""logical_contradiction"": {}, ""mahalanobis_outlier"": {""distance"": 0.4704695127776213}}"
1.0,1.0,3.0,2.0,5.0,1.0,5.0,3.0,2.0,2.0,100.0,False,,,False,False,False,7.446961118576461,"{""straightlining"": {""irv"": {""attitude_scale"": 0.6875}}, ""logical_contradiction"": {}, ""mahalanobis_outlier"": {""distance"": 7.446961118576461}}"
1.0,2.0,3.0,5.0,3.0,1.0,2.0,4.0,2.0,3.0,100.0,False,,,False,False,False,6.391549020576319,"{""straightlining"": {""irv"": {""attitude_scale"": 2.1875}}, ""logical_contradiction"": {}, ""mahalanobis_outlier"": {""distance"": 6.391549020576319}}"
4.0,1.0,4.0,2.0,5.0,1.0,4.0,3.0,4.0,2.0,100.0,False,,,False,False,False,2.00547428435282,"{""straightlining"": {""irv"": {""attitude_scale"": 1.6875}}, ""logical_contradiction"": {}, ""mahalanobis_outlier"": {""distance"": 2.00547428435282}}"
3.0,2.0,5.0,3.0,4.0,1.0,4.0,4.0,3.0,2.0,100.0,False,,,False,False,False,2.207505817562806,"{""straightlining"": {""irv"": {""attitude_scale"": 1.1875}}, ""logical_contradiction"": {}, ""mahalanobis_outlier"": {""distance"": 2.207505817562806}}"
3.0,4.0,3.0,3.0,3.0,2.0,2.0,5.0,1.0,5.0,100.0,False,,,False,False,False,1.9677978053116343,"{""straightlining"": {""irv"": {""attitude_scale"": 0.1875}}, ""logical_contradiction"": {}, ""mahalanobis_outlier"": {""distance"": 1.9677978053116343}}"
2.0,1.0,4.0,3.0,4.0,3.0,2.0,3.0,2.0,4.0,100.0,False,,,False,False,False,3.271081331990869,"{""straightlining"": {""irv"": {""attitude_scale"": 1.25}}, ""logical_contradiction"": {}, ""mahalanobis_outlier"": {""distance"": 3.271081331990869}}"
3.0,4.0,4.0,3.0,3.0,2.0,3.0,3.0,3.0,3.0,100.0,False,Logical_Contradiction:EXT2/EXT3,,False,True,False,2.437847170243234,"{""straightlining"": {""irv"": {""attitude_scale"": 0.25}}, ""logical_contradiction"": {}, ""mahalanobis_outlier"": {""distance"": 2.437847170243234}}"
2.0,3.0,4.0,3.0,4.0,4.0,4.0,3.0,4.0,3.0,100.0,False,,,False,False,False,1.1182771775503757,"{""straightlining"": {""irv"": {""attitude_scale"": 0.5}}, ""logical_contradiction"": {}, ""mahalanobis_outlier"": {""distance"": 1.1182771775503757}}"
2.0,2.0,2.0,3.0,4.0,2.0,4.0,5.0,2.0,2.0,100.0,False,Logical_Contradiction:EXT2/EXT3,,False,True,False,2.99336604048974,"{""straightlining"": {""irv"": {""attitude_scale"": 0.1875}}, ""logical_contradiction"": {}, ""mahalanobis_outlier"": {""distance"": 2.99336604048974}}"
2.0,2.0,2.0,2.0,2.0,3.0,1.0,2.0,1.0,5.0,50.0,False,Straightlining_Error:attitude_scale;Logical_Contradiction:EXT2/EXT3,,True,True,False,5.039615210303223,"{""straightlining"": {""irv"": {""attitude_scale"": 0.0}}, ""logical_contradiction"": {}, ""mahalanobis_outlier"": {""distance"": 5.039615210303223}}"
2.0,3.0,2.0,4.0,2.0,2.0,2.0,4.0,2.0,4.0,100.0,False,,,False,False,False,1.6691591408753337,"{""straightlining"": {""irv"": {""attitude_scale"": 0.6875}}, ""logical_contradiction"": {}, ""mahalanobis_outlier"": {""distance"": 1.6691591408753337}}"
1.0,3.0,3.0,2.0,4.0,2.0,2.0,2.0,5.0,3.0,100.0,False,,,False,False,False,5.677816917461862,"{""straightlining"": {""irv"": {""attitude_scale"": 0.6875}}, ""logical_contradiction"": {}, ""mahalanobis_outlier"": {""distance"": 5.677816917461862}}"
3.0,1.0,2.0,3.0,5.0,2.0,4.0,3.0,3.0,3.0,100.0,False,Logical_Contradiction:EXT2/EXT3,,False,True,False,5.635774625681608,"{""straightlining"": {""irv"": {""attitude_scale"": 0.6875}}, ""logical_contradiction"": {}, ""mahalanobis_outlier"": {""distance"": 5.635774625681608}}"
3.0,4.0,3.0,5.0,3.0,5.0,2.0,4.0,2.0,4.0,100.0,False,,,False,False,False,4.297612287173607,"{""straightlining"": {""irv"": {""attitude_scale"": 0.6875}}, ""logical_contradiction"": {}, ""mahalanobis_outlier"": {""distance"": 4.297612287173607}}"
3.0,4.0,5.0,4.0,3.0,2.0,5.0,5.0,1.0,4.0,100.0,False,Logical_Contradiction:EXT2/EXT3,,False,True,False,5.743223521583213,"{""straightlining"": {""irv"": {""attitude_scale"": 0.5}}, ""logical_contradiction"": {}, ""mahalanobis_outlier"": {""distance"": 5.743223521583213}}"
4.0,1.0,5.0,2.0,5.0,1.0,0.0,2.0,5.0,3.0,100.0,False,,,False,False,False,2.426184026935451,"{""straightlining"": {""irv"": {""attitude_scale"": 2.5}}, ""logical_contradiction"": {}, ""mahalanobis_outlier"": {""distance"": 2.426184026935451}}"
3.0,1.0,4.0,2.0,4.0,2.0,3.0,3.0,4.0,3.0,100.0,False,,,False,False,False,1.8362954591318643,"{""straightlining"": {""irv"": {""attitude_scale"": 1.25}}, ""logical_contradiction"": {}, ""mahalanobis_outlier"": {""distance"": 1.8362954591318643}}"
1.0,4.0,2.0,5.0,3.0,4.0,4.0,5.0,1.0,5.0,100.0,False,,,False,False,False,2.898225096338117,"{""straightlining"": {""irv"": {""attitude_scale"": 2.5}}, ""logical_contradiction"": {}, ""mahalanobis_outlier"": {""distance"": 2.898225096338117}}"
3.0,3.0,5.0,2.0,5.0,1.0,4.0,2.0,5.0,2.0,100.0,False,,,False,False,False,3.5717850726930203,"{""straightlining"": {""irv"": {""attitude_scale"": 1.1875}}, ""logical_contradiction"": {}, ""mahalanobis_outlier"": {""distance"": 3.5717850726930203}}"
4.0,1.0,5.0,1.0,5.0,1.0,4.0,2.0,3.0,1.0,100.0,False,,,False,False,False,3.4812274549602917,"{""straightlining"": {""irv"": {""attitude_scale"": 3.1875}}, ""logical_contradiction"": {}, ""mahalanobis_outlier"": {""distance"": 3.4812274549602917}}"
1.0,2.0,5.0,4.0,5.0,2.0,5.0,5.0,2.0,2.0,100.0,False,,,False,False,False,7.876244747330915,"{""straightlining"": {""irv"": {""attitude_scale"": 2.5}}, ""logical_contradiction"": {}, ""mahalanobis_outlier"": {""distance"": 7.876244747330915}}"
3.0,1.0,3.0,1.0,5.0,1.0,1.0,1.0,3.0,5.0,100.0,False,,,False,False,False,5.589141091403962,"{""straightlining"": {""irv"": {""attitude_scale"": 1.0}}, ""logical_contradiction"": {}, ""mahalanobis_outlier"": {""distance"": 5.589141091403962}}"
3.0,1.0,5.0,2.0,5.0,2.0,4.0,3.0,4.0,2.0,100.0,False,,,False,False,False,2.741547516840125,"{""straightlining"": {""irv"": {""attitude_scale"": 2.1875}}, ""logical_contradiction"": {}, ""mahalanobis_outlier"": {""distance"": 2.741547516840125}}"
3.0,1.0,5.0,3.0,5.0,1.0,5.0,3.0,3.0,2.0,100.0,False,,,False,False,False,3.534276637927276,"{""straightlining"": {""irv"": {""attitude_scale"": 2.0}}, ""logical_contradiction"": {}, ""mahalanobis_outlier"": {""distance"": 3.534276637927276}}"
4.0,2.0,4.0,2.0,5.0,2.0,4.0,2.0,5.0,2.0,100.0,False,,,False,False,False,1.3898585230130152,"{""straightlining"": {""irv"": {""attitude_scale"": 1.0}}, ""logical_contradiction"": {}, ""mahalanobis_outlier"": {""distance"": 1.3898585230130152}}"
3.0,4.0,3.0,3.0,2.0,4.0,2.0,4.0,1.0,3.0,100.0,False,,,False,False,False,1.9677978053116343,"{""straightlining"": {""irv"": {""attitude_scale"": 0.1875}}, ""logical_contradiction"": {}, ""mahalanobis_outlier"": {""distance"": 1.9677978053116343}}"
3.0,2.0,4.0,3.0,4.0,4.0,3.0,4.0,2.0,4.0,100.0,False,,,False,False,False,0.4704695127776213,"{""straightlining"": {""irv"": {""attitude_scale"": 0.5}}, ""logical_contradiction"": {}, ""mahalanobis_outlier"": {""distance"": 0.4704695127776213}}"
1.0,5.0,1.0,2.0,2.0,1.0,3.0,2.0,4.0,5.0,50.0,False,Mahalanobis_Outlier,,False,False,True,14.477013294906953,"{""straightlining"": {""irv"": {""attitude_scale"": 2.6875}}, ""logical_contradiction"": {}, ""mahalanobis_outlier"": {""distance"": 14.477013294906953}}"
3.0,5.0,3.0,3.0,3.0,5.0,1.0,5.0,1.0,5.0,100.0,False,,,False,False,False,5.26194628314172,"{""straightlining"": {""irv"": {""attitude_scale"": 0.75}}, ""logical_contradiction"": {}, ""mahalanobis_outlier"": {""distance"": 5.26194628314172}}"
2.0,2.0,2.0,4.0,4.0,3.0,3.0,4.0,2.0,4.0,100.0,False,Logical_Contradiction:EXT2/EXT3,,False,True,False,3.467388247736333,"{""straightlining"": {""irv"": {""attitude_scale"": 0.75}}, ""logical_contradiction"": {}, ""mahalanobis_outlier"": {""distance"": 3.467388247736333}}"
3.0,2.0,4.0,3.0,3.0,4.0,4.0,4.0,2.0,4.0,100.0,False,,,False,False,False,0.4704695127776213,"{""straightlining"": {""irv"": {""attitude_scale"": 0.5}}, ""logical_contradiction"": {}, ""mahalanobis_outlier"": {""distance"": 0.4704695127776213}}"
1.0,3.0,3.0,4.0,3.0,1.0,1.0,1.0,5.0,4.0,100.0,False,,,False,False,False,1.960444165220978,"{""straightlining"": {""irv"": {""attitude_scale"": 1.1875}}, ""logical_contradiction"": {}, ""mahalanobis_outlier"": {""distance"": 1.960444165220978}}"
2.0,2.0,2.0,2.0,1.0,1.0,2.0,4.0,1.0,5.0,50.0,False,Straightlining_Error:attitude_scale;Logical_Contradiction:EXT2/EXT3,,True,True,False,5.039615210303223,"{""straightlining"": {""irv"": {""attitude_scale"": 0.0}}, ""logical_contradiction"": {}, ""mahalanobis_outlier"": {""distance"": 5.039615210303223}}"
3.0,2.0,3.0,4.0,2.0,3.0,1.0,2.0,1.0,4.0,100.0,False,,,False,False,False,2.36890832817864,"{""straightlining"": {""irv"": {""attitude_scale"": 0.5}}, ""logical_contradiction"": {}, ""mahalanobis_outlier"": {""distance"": 2.36890832817864}}"
3.0,5.0,5.0,3.0,4.0,4.0,4.0,1.0,1.0,4.0,100.0,False,Logical_Contradiction:EXT2/EXT3,,False,True,False,9.029763545102558,"{""straightlining"": {""irv"": {""attitude_scale"": 1.0}}, ""logical_contradiction"": {}, ""mahalanobis_outlier"": {""distance"": 9.029763545102558}}"
4.0,1.0,4.0,1.0,4.0,1.0,5.0,4.0,5.0,2.0,100.0,False,,,False,False,False,3.5021190613935698,"{""straightlining"": {""irv"": {""attitude_scale"": 2.25}}, ""logical_contradiction"": {}, ""mahalanobis_outlier"": {""distance"": 3.5021190613935698}}"
5.0,1.0,3.0,2.0,4.0,1.0,4.0,2.0,4.0,3.0,100.0,False,,,False,False,False,6.2111741720491915,"{""straightlining"": {""irv"": {""attitude_scale"": 2.1875}}, ""logical_contradiction"": {}, ""mahalanobis_outlier"": {""distance"": 6.2111741720491915}}"
3.0,2.0,4.0,2.0,4.0,2.0,3.0,3.0,3.0,3.0,100.0,False,,,False,False,False,0.9610171566112005,"{""straightlining"": {""irv"": {""attitude_scale"": 0.6875}}, ""logical_contradiction"": {}, ""mahalanobis_outlier"": {""distance"": 0.9610171566112005}}"
3.0,3.0,3.0,3.0,3.0,3.0,3.0,3.0,3.0,3.0,50.0,False,Straightlining_Error:attitude_scale,,True,False,False,0.47407769225374574,"{""straightlining"": {""irv"": {""attitude_scale"": 0.0}}, ""logical_contradiction"": {}, ""mahalanobis_outlier"": {""distance"": 0.47407769225374574}}"
5.0,1.0,5.0,1.0,5.0,1.0,5.0,1.0,5.0,1.0,100.0,False,,,False,False,False,4.418700891064336,"{""straightlining"": {""irv"": {""attitude_scale"": 4.0}}, ""logical_contradiction"": {}, ""mahalanobis_outlier"": {""distance"": 4.418700891064336}}"
3.0,3.0,4.0,3.0,3.0,2.0,4.0,3.0,3.0,3.0,100.0,False,,,False,False,False,0.5539441591243308,"{""straightlining"": {""irv"": {""attitude_scale"": 0.1875}}, ""logical_contradiction"": {}, ""mahalanobis_outlier"": {""distance"": 0.5539441591243308}}"
1.0,5.0,1.0,3.0,2.0,4.0,2.0,5.0,3.0,5.0,100.0,False,,,False,False,False,8.791637700415011,"{""straightlining"": {""irv"": {""attitude_scale"": 2.75}}, ""logical_contradiction"": {}, ""mahalanobis_outlier"": {""distance"": 8.791637700415011}}"
3.0,3.0,3.0,3.0,4.0,2.0,3.0,3.0,3.0,3.0,50.0,False,Straightlining_Error:attitude_scale,,True,False,False,0.47407769225374574,"{""straightlining"": {""irv"": {""attitude_scale"": 0.0}}, ""logical_contradiction"": {}, ""mahalanobis_outlier"": {""distance"": 0.47407769225374574}}"
4.0,2.0,4.0,2.0,3.0,1.0,4.0,4.0,2.0,4.0,100.0,False,,,False,False,False,1.3898585230130152,"{""straightlining"": {""irv"": {""attitude_scale"": 1.0}}, ""logical_contradiction"": {}, ""mahalanobis_outlier"": {""distance"": 1.3898585230130152}}"
4.0,5.0,2.0,4.0,1.0,4.0,4.0,5.0,4.0,5.0,100.0,False,,,False,False,False,8.592472819696757,"{""straightlining"": {""irv"": {""attitude_scale"": 1.1875}}, ""logical_contradiction"": {}, ""mahalanobis_outlier"": {""distance"": 8.592472819696757}}"
2.0,2.0,4.0,4.0,3.0,3.0,3.0,4.0,3.0,4.0,100.0,False,,,False,False,False,2.651689977662939,"{""straightlining"": {""irv"": {""attitude_scale"": 1.0}}, ""logical_contradiction"": {}, ""mahalanobis_outlier"": {""distance"": 2.651689977662939}}"
1.0,4.0,3.0,4.0,2.0,2.0,2.0,4.0,2.0,4.0,100.0,False,,,False,False,False,2.093163780012327,"{""straightlining"": {""irv"": {""attitude_scale"": 1.5}}, ""logical_contradiction"": {}, ""mahalanobis_outlier"": {""distance"": 2.093163780012327}}"
1.0,4.0,2.0,5.0,2.0,4.0,2.0,4.0,1.0,4.0,100.0,False,,,False,False,False,2.898225096338117,"{""straightlining"": {""irv"": {""attitude_scale"": 2.5}}, ""logical_contradiction"": {}, ""mahalanobis_outlier"": {""distance"": 2.898225096338117}}"
4.0,1.0,4.0,2.0,5.0,2.0,5.0,2.0,4.0,2.0,100.0,False,,,False,False,False,2.00547428435282,"{""straightlining"": {""irv"": {""attitude_scale"": 1.6875}}, ""logical_contradiction"": {}, ""mahalanobis_outlier"": {""distance"": 2.00547428435282}}"
3.0,2.0,2.0,2.0,3.0,1.0,3.0,4.0,2.0,5.0,100.0,False,Logical_Contradiction:EXT2/EXT3,,False,True,False,4.512205452999493,"{""straightlining"": {""irv"": {""attitude_scale"": 0.1875}}, ""logical_contradiction"": {}, ""mahalanobis_outlier"": {""distance"": 4.512205452999493}}"
3.0,3.0,4.0,4.0,3.0,4.0,1.0,3.0,5.0,4.0,100.0,False,,,False,False,False,1.7419924764460082,"{""straightlining"": {""irv"": {""attitude_scale"": 0.25}}, ""logical_contradiction"": {}, ""mahalanobis_outlier"": {""distance"": 1.7419924764460082}}"
2.0,1.0,4.0,4.0,4.0,1.0,4.0,2.0,4.0,2.0,100.0,False,,,False,False,False,5.469981653174104,"{""straightlining"": {""irv"": {""attitude_scale"": 1.6875}}, ""logical_contradiction"": {}, ""mahalanobis_outlier"": {""distance"": 5.469981653174104}}"
5.0,5.0,4.0,4.0,1.0,4.0,2.0,4.0,2.0,2.0,50.0,False,Logical_Contradiction:EXT2/EXT3;Mahalanobis_Outlier,,False,True,True,12.6578650772843,"{""straightlining"": {""irv"": {""attitude_scale"": 0.25}}, ""logical_contradiction"": {}, ""mahalanobis_outlier"": {""distance"": 12.6578650772843}}"
4.0,3.0,2.0,3.0,3.0,3.0,1.0,2.0,3.0,4.0,100.0,False,,,False,False,False,4.771651327140795,"{""straightlining"": {""irv"": {""attitude_scale"": 0.5}}, ""logical_contradiction"": {}, ""mahalanobis_outlier"": {""distance"": 4.771651327140795}}"
3.0,2.0,4.0,2.0,5.0,2.0,4.0,5.0,1.0,5.0,100.0,False,,,False,False,False,0.9610171566112005,"{""straightlining"": {""irv"": {""attitude_scale"": 0.6875}}, ""logical_contradiction"": {}, ""mahalanobis_outlier"": {""distance"": 0.9610171566112005}}"
2.0,1.0,4.0,2.0,4.0,1.0,3.0,3.0,2.0,1.0,100.0,False,,,False,False,False,3.5924523878677137,"{""straightlining"": {""irv"": {""attitude_scale"": 1.1875}}, ""logical_contradiction"": {}, ""mahalanobis_outlier"": {""distance"": 3.5924523878677137}}"
3.0,1.0,4.0,1.0,5.0,1.0,5.0,2.0,3.0,1.0,100.0,False,,,False,False,False,4.005439064120701,"{""straightlining"": {""irv"": {""attitude_scale"": 1.6875}}, ""logical_contradiction"": {}, ""mahalanobis_outlier"": {""distance"": 4.005439064120701}}"
2.0,5.0,1.0,5.0,2.0,2.0,1.0,5.0,1.0,5.0,100.0,False,,,False,False,False,5.80998155386329,"{""straightlining"": {""irv"": {""attitude_scale"": 3.1875}}, ""logical_contradiction"": {}, ""mahalanobis_outlier"": {""distance"": 5.80998155386329}}"
2.0,4.0,4.0,4.0,4.0,2.0,2.0,4.0,2.0,4.0,100.0,False,Logical_Contradiction:EXT2/EXT3,,False,True,False,2.4163917209571903,"{""straightlining"": {""irv"": {""attitude_scale"": 0.75}}, ""logical_contradiction"": {}, ""mahalanobis_outlier"": {""distance"": 2.4163917209571903}}"
1.0,1.0,3.0,4.0,4.0,2.0,3.0,4.0,1.0,4.0,100.0,False,,,False,False,False,7.0962900299548615,"{""straightlining"": {""irv"": {""attitude_scale"": 1.6875}}, ""logical_contradiction"": {}, ""mahalanobis_outlier"": {""distance"": 7.0962900299548615}}"
3.0,2.0,3.0,2.0,4.0,2.0,1.0,4.0,1.0,4.0,100.0,False,,,False,False,False,1.7129349368175393,"{""straightlining"": {""irv"": {""attitude_scale"": 0.25}}, ""logical_contradiction"": {}, ""mahalanobis_outlier"": {""distance"": 1.7129349368175393}}"
1.0,5.0,4.0,5.0,3.0,2.0,1.0,5.0,2.0,5.0,100.0,False,Logical_Contradiction:EXT2/EXT3,,False,True,False,6.977201208511595,"{""straightlining"": {""irv"": {""attitude_scale"": 2.6875}}, ""logical_contradiction"": {}, ""mahalanobis_outlier"": {""distance"": 6.977201208511595}}"
4.0,1.0,3.0,1.0,4.0,2.0,4.0,4.0,3.0,3.0,100.0,False,,,False,False,False,5.570363403802462,"{""straightlining"": {""irv"": {""attitude_scale"": 1.6875}}, ""logical_contradiction"": {}, ""mahalanobis_outlier"": {""distance"": 5.570363403802462}}"
3.0,3.0,4.0,4.0,5.0,3.0,3.0,5.0,2.0,2.0,100.0,False,,,False,False,False,1.7419924764460082,"{""straightlining"": {""irv"": {""attitude_scale"": 0.25}}, ""logical_contradiction"": {}, ""mahalanobis_outlier"": {""distance"": 1.7419924764460082}}"
4.0,2.0,5.0,2.0,4.0,1.0,3.0,3.0,3.0,2.0,100.0,False,,,False,False,False,2.2007511636566606,"{""straightlining"": {""irv"": {""attitude_scale"": 1.6875}}, ""logical_contradiction"": {}, ""mahalanobis_outlier"": {""distance"": 2.2007511636566606}}"
4.0,1.0,5.0,1.0,5.0,1.0,5.0,5.0,1.0,2.0,100.0,False,,,False,False,False,3.4812274549602917,"{""straightlining"": {""irv"": {""attitude_scale"": 3.1875}}, ""logical_contradiction"": {}, ""mahalanobis_outlier"": {""distance"": 3.4812274549602917}}"
3.0,3.0,3.0,2.0,4.0,2.0,4.0,3.0,4.0,4.0,100.0,False,,,False,False,False,2.247902101008055,"{""straightlining"": {""irv"": {""attitude_scale"": 0.1875}}, ""logical_contradiction"": {}, ""mahalanobis_outlier"": {""distance"": 2.247902101008055}}"
5.0,1.0,3.0,2.0,5.0,1.0,5.0,2.0,2.0,4.0,100.0,False,,,False,False,False,6.2111741720491915,"{""straightlining"": {""irv"": {""attitude_scale"": 2.1875}}, ""logical_contradiction"": {}, ""mahalanobis_outlier"": {""distance"": 6.2111741720491915}}"
1.0,5.0,1.0,5.0,2.0,4.0,1.0,5.0,3.0,5.0,100.0,False,,,False,False,False,4.9817006426113615,"{""straightlining"": {""irv"": {""attitude_scale"": 4.0}}, ""logical_contradiction"": {}, ""mahalanobis_outlier"": {""distance"": 4.9817006426113615}}"
5.0,2.0,5.0,2.0,4.0,1.0,4.0,3.0,4.0,3.0,100.0,False,,,False,False,False,4.070385968889652,"{""straightlining"": {""irv"": {""attitude_scale"": 2.25}}, ""logical_contradiction"": {}, ""mahalanobis_outlier"": {""distance"": 4.070385968889652}}"
3.0,2.0,3.0,3.0,3.0,1.0,1.0,2.0,4.0,4.0,100.0,False,,,False,False,False,0.7807859439680509,"{""straightlining"": {""irv"": {""attitude_scale"": 0.1875}}, ""logical_contradiction"": {}, ""mahalanobis_outlier"": {""distance"": 0.7807859439680509}}"
3.0,2.0,4.0,0.0,5.0,2.0,4.0,4.0,2.0,2.0,100.0,False,,,False,False,False,9.502926575458591,"{""straightlining"": {""irv"": {""attitude_scale"": 2.1875}}, ""logical_contradiction"": {}, ""mahalanobis_outlier"": {""distance"": 9.502926575458591}}"
3.0,3.0,3.0,4.0,3.0,3.0,1.0,4.0,2.0,4.0,100.0,False,,,False,False,False,1.220524660559514,"{""straightlining"": {""irv"": {""attitude_scale"": 0.1875}}, ""logical_contradiction"": {}, ""mahalanobis_outlier"": {""distance"": 1.220524660559514}}"
4.0,1.0,5.0,2.0,5.0,1.0,5.0,3.0,4.0,3.0,100.0,False,,,False,False,False,2.426184026935451,"{""straightlining"": {""irv"": {""attitude_scale"": 2.5}}, ""logical_contradiction"": {}, ""mahalanobis_outlier"": {""distance"": 2.426184026935451}}"
3.0,1.0,5.0,3.0,5.0,1.0,4.0,5.0,5.0,4.0,100.0,False,,,False,False,False,3.534276637927276,"{""straightlining"": {""irv"": {""attitude_scale"": 2.0}}, ""logical_contradiction"": {}, ""mahalanobis_outlier"": {""distance"": 3.534276637927276}}"
4.0,1.0,4.0,2.0,4.0,2.0,3.0,3.0,4.0,2.0,100.0,False,,,False,False,False,2.00547428435282,"{""straightlining"": {""irv"": {""attitude_scale"": 1.6875}}, ""logical_contradiction"": {}, ""mahalanobis_outlier"": {""distance"": 2.00547428435282}}"
1.0,5.0,3.0,4.0,3.0,4.0,2.0,5.0,4.0,5.0,100.0,False,,,False,False,False,4.026311759575873,"{""straightlining"": {""irv"": {""attitude_scale"": 2.1875}}, ""logical_contradiction"": {}, ""mahalanobis_outlier"": {""distance"": 4.026311759575873}}"
1.0,3.0,4.0,4.0,4.0,2.0,3.0,3.0,2.0,3.0,100.0,False,,,False,False,False,3.4509966113587316,"{""straightlining"": {""irv"": {""attitude_scale"": 1.5}}, ""logical_contradiction"": {}, ""mahalanobis_outlier"": {""distance"": 3.4509966113587316}}"
3.0,3.0,4.0,2.0,5.0,1.0,4.0,4.0,4.0,3.0,100.0,False,,,False,False,False,1.8861672188627305,"{""straightlining"": {""irv"": {""attitude_scale"": 0.5}}, ""logical_contradiction"": {}, ""mahalanobis_outlier"": {""distance"": 1.8861672188627305}}"
3.0,4.0,3.0,4.0,1.0,3.0,1.0,3.0,0.0,1.0,100.0,False,,,False,False,False,1.8725693577125817,"{""straightlining"": {""irv"": {""attitude_scale"": 0.25}}, ""logical_contradiction"": {}, ""mahalanobis_outlier"": {""distance"": 1.8725693577125817}}"
4.0,3.0,4.0,2.0,4.0,1.0,3.0,2.0,4.0,2.0,100.0,False,,,False,False,False,2.5746711264454047,"{""straightlining"": {""irv"": {""attitude_scale"": 0.6875}}, ""logical_contradiction"": {}, ""mahalanobis_outlier"": {""distance"": 2.5746711264454047}}"
2.0,1.0,5.0,3.0,5.0,1.0,4.0,3.0,4.0,2.0,100.0,False,,,False,False,False,5.102477053840669,"{""straightlining"": {""irv"": {""attitude_scale"": 2.1875}}, ""logical_contradiction"": {}, ""mahalanobis_outlier"": {""distance"": 5.102477053840669}}"
4.0,3.0,5.0,2.0,5.0,1.0,3.0,3.0,3.0,3.0,100.0,False,,,False,False,False,3.7757466651500646,"{""straightlining"": {""irv"": {""attitude_scale"": 1.25}}, ""logical_contradiction"": {}, ""mahalanobis_outlier"": {""distance"": 3.7757466651500646}}"
3.0,5.0,5.0,5.0,3.0,2.0,4.0,1.0,5.0,2.0,50.0,False,Logical_Contradiction:EXT2/EXT3;Mahalanobis_Outlier,,False,True,True,11.442632591218528,"{""straightlining"": {""irv"": {""attitude_scale"": 0.75}}, ""logical_contradiction"": {}, ""mahalanobis_outlier"": {""distance"": 11.442632591218528}}"
1.0,4.0,4.0,4.0,3.0,2.0,2.0,4.0,3.0,4.0,100.0,False,Logical_Contradiction:EXT2/EXT3,,False,True,False,3.973899124211095,"{""straightlining"": {""irv"": {""attitude_scale"": 1.6875}}, ""logical_contradiction"": {}, ""mahalanobis_outlier"": {""distance"": 3.973899124211095}}"
5.0,1.0,5.0,3.0,4.0,1.0,5.0,2.0,4.0,3.0,100.0,False,,,False,False,False,6.173883067970903,"{""straightlining"": {""irv"": {""attitude_scale"": 2.75}}, ""logical_contradiction"": {}, ""mahalanobis_outlier"": {""distance"": 6.173883067970903}}"
3.0,1.0,4.0,3.0,4.0,2.0,3.0,3.0,3.0,3.0,100.0,False,,,False,False,False,2.187423231203105,"{""straightlining"": {""irv"": {""attitude_scale"": 1.1875}}, ""logical_contradiction"": {}, ""mahalanobis_outlier"": {""distance"": 2.187423231203105}}"
3.0,2.0,4.0,4.0,4.0,2.0,2.0,1.0,2.0,5.0,100.0,False,,,False,False,False,2.50019324600412,"{""straightlining"": {""irv"": {""attitude_scale"": 0.6875}}, ""logical_contradiction"": {}, ""mahalanobis_outlier"": {""distance"": 2.50019324600412}}"
1.0,4.0,5.0,3.0,3.0,4.0,3.0,2.0,3.0,5.0,100.0,False,Logical_Contradiction:EXT2/EXT3,,False,True,False,8.45901060984888,"{""straightlining"": {""irv"": {""attitude_scale"": 2.1875}}, ""logical_contradiction"": {}, ""mahalanobis_outlier"": {""distance"": 8.45901060984888}}"
4.0,3.0,4.0,4.0,3.0,1.0,2.0,4.0,2.0,4.0,100.0,False,,,False,False,False,3.7754940399248538,"{""straightlining"": {""irv"": {""attitude_scale"": 0.1875}}, ""logical_contradiction"": {}, ""mahalanobis_outlier"": {""distance"": 3.7754940399248538}}"
4.0,1.0,4.0,1.0,4.0,1.0,4.0,2.0,4.0,1.0,100.0,False,,,False,False,False,3.5021190613935698,"{""straightlining"": {""irv"": {""attitude_scale"": 2.25}}, ""logical_contradiction"": {}, ""mahalanobis_outlier"": {""distance"": 3.5021190613935698}}"
3.0,2.0,4.0,3.0,4.0,3.0,3.0,0.0,4.0,4.0,100.0,False,,,False,False,False,0.4704695127776213,"{""straightlining"": {""irv"": {""attitude_scale"": 0.5}}, ""logical_contradiction"": {}, ""mahalanobis_outlier"": {""distance"": 0.4704695127776213}}"
2.0,2.0,3.0,3.0,4.0,3.0,2.0,2.0,3.0,4.0,100.0,False,,,False,False,False,1.1202391884493255,"{""straightlining"": {""irv"": {""attitude_scale"": 0.25}}, ""logical_contradiction"": {}, ""mahalanobis_outlier"": {""distance"": 1.1202391884493255}}"
3.0,2.0,4.0,3.0,3.0,2.0,3.0,3.0,3.0,4.0,100.0,False,,,False,False,False,0.4704695127776213,"{""straightlining"": {""irv"": {""attitude_scale"": 0.5}}, ""logical_contradiction"": {}, ""mahalanobis_outlier"": {""distance"": 0.4704695127776213}}"
5.0,3.0,3.0,2.0,3.0,1.0,4.0,3.0,1.0,3.0,100.0,False,,,False,False,False,6.519330300381469,"{""straightlining"": {""irv"": {""attitude_scale"": 1.1875}}, ""logical_contradiction"": {}, ""mahalanobis_outlier"": {""distance"": 6.519330300381469}}"
1.0,5.0,2.0,5.0,1.0,5.0,1.0,4.0,1.0,5.0,100.0,False,,,False,False,False,3.599514761935826,"{""straightlining"": {""irv"": {""attitude_scale"": 3.1875}}, ""logical_contradiction"": {}, ""mahalanobis_outlier"": {""distance"": 3.599514761935826}}"
3.0,4.0,4.0,3.0,5.0,2.0,4.0,3.0,3.0,3.0,100.0,False,Logical_Contradiction:EXT2/EXT3,,False,True,False,2.437847170243234,"{""straightlining"": {""irv"": {""attitude_scale"": 0.25}}, ""logical_contradiction"": {}, ""mahalanobis_outlier"": {""distance"": 2.437847170243234}}"
4.0,4.0,3.0,3.0,3.0,3.0,2.0,3.0,3.0,4.0,100.0,False,,,False,False,False,4.073005397148884,"{""straightlining"": {""irv"": {""attitude_scale"": 0.25}}, ""logical_contradiction"": {}, ""mahalanobis_outlier"": {""distance"": 4.073005397148884}}"
1.0,2.0,3.0,2.0,1.0,2.0,1.0,3.0,3.0,5.0,100.0,False,,,False,False,False,5.662174835633064,"{""straightlining"": {""irv"": {""attitude_scale"": 0.5}}, ""logical_contradiction"": {}, ""mahalanobis_outlier"": {""distance"": 5.662174835633064}}"
4.0,2.0,2.0,1.0,3.0,3.0,1.0,1.0,3.0,3.0,100.0,False,Logical_Contradiction:EXT2/EXT3,,False,True,False,9.131654340629956,"{""straightlining"": {""irv"": {""attitude_scale"": 1.1875}}, ""logical_contradiction"": {}, ""mahalanobis_outlier"": {""distance"": 9.131654340629956}}"
3.0,2.0,4.0,3.0,4.0,3.0,4.0,3.0,3.0,2.0,100.0,False,,,False,False,False,0.4704695127776213,"{""straightlining"": {""irv"": {""attitude_scale"": 0.5}}, ""logical_contradiction"": {}, ""mahalanobis_outlier"": {""distance"": 0.4704695127776213}}"
3.0,3.0,2.0,3.0,3.0,2.0,5.0,5.0,3.0,4.0,100.0,False,,,False,False,False,2.4415639613587747,"{""straightlining"": {""irv"": {""attitude_scale"": 0.1875}}, ""logical_contradiction"": {}, ""mahalanobis_outlier"": {""distance"": 2.4415639613587747}}"
1.0,4.0,3.0,5.0,1.0,2.0,2.0,4.0,2.0,4.0,100.0,False,,,False,False,False,3.17320905357718,"{""straightlining"": {""irv"": {""attitude_scale"": 2.1875}}, ""logical_contradiction"": {}, ""mahalanobis_outlier"": {""distance"": 3.17320905357718}}"
0.0,3.0,2.0,4.0,3.0,2.0,2.0,4.0,2.0,4.0,100.0,False,,,False,False,False,5.2906655231991495,"{""straightlining"": {""irv"": {""attitude_scale"": 2.1875}}, ""logical_contradiction"": {}, ""mahalanobis_outlier"": {""distance"": 5.2906655231991495}}"
3.0,5.0,5.0,5.0,5.0,1.0,3.0,5.0,2.0,5.0,50.0,False,Logical_Contradiction:EXT2/EXT3;Mahalanobis_Outlier,,False,True,True,11.442632591218528,"{""straightlining"": {""irv"": {""attitude_scale"": 0.75}}, ""logical_contradiction"": {}, ""mahalanobis_outlier"": {""distance"": 11.442632591218528}}"
2.0,2.0,3.0,3.0,4.0,2.0,4.0,3.0,3.0,5.0,100.0,False,,,False,False,False,1.1202391884493255,"{""straightlining"": {""irv"": {""attitude_scale"": 0.25}}, ""logical_contradiction"": {}, ""mahalanobis_outlier"": {""distance"": 1.1202391884493255}}"
3.0,3.0,4.0,5.0,3.0,1.0,1.0,5.0,2.0,5.0,100.0,False,,,False,False,False,5.450312170827764,"{""straightlining"": {""irv"": {""attitude_scale"": 0.6875}}, ""logical_contradiction"": {}, ""mahalanobis_outlier"": {""distance"": 5.450312170827764}}"
4.0,2.0,5.0,2.0,5.0,2.0,3.0,1.0,5.0,1.0,100.0,False,,,False,False,False,2.2007511636566606,"{""straightlining"": {""irv"": {""attitude_scale"": 1.6875}}, ""logical_contradiction"": {}, ""mahalanobis_outlier"": {""distance"": 2.2007511636566606}}"
3.0,2.0,4.0,2.0,4.0,4.0,4.0,2.0,3.0,2.0,100.0,False,,,False,False,False,0.9610171566112005,"{""straightlining"": {""irv"": {""attitude_scale"": 0.6875}}, ""logical_contradiction"": {}, ""mahalanobis_outlier"": {""distance"": 0.9610171566112005}}"
1.0,4.0,1.0,3.0,5.0,1.0,2.0,2.0,3.0,4.0,100.0,False,,,False,False,False,6.797180101068676,"{""straightlining"": {""irv"": {""attitude_scale"": 1.6875}}, ""logical_contradiction"": {}, ""mahalanobis_outlier"": {""distance"": 6.797180101068676}}"
1.0,2.0,2.0,4.0,3.0,2.0,1.0,4.0,2.0,4.0,100.0,False,Logical_Contradiction:EXT2/EXT3,,False,True,False,4.575136103100697,"{""straightlining"": {""irv"": {""attitude_scale"": 1.1875}}, ""logical_contradiction"": {}, ""mahalanobis_outlier"": {""distance"": 4.575136103100697}}"
3.0,1.0,4.0,2.0,4.0,2.0,2.0,5.0,1.0,2.0,100.0,False,,,False,False,False,1.8362954591318643,"{""straightlining"": {""irv"": {""attitude_scale"": 1.25}}, ""logical_contradiction"": {}, ""mahalanobis_outlier"": {""distance"": 1.8362954591318643}}"
1.0,3.0,3.0,3.0,3.0,1.0,3.0,5.0,0.0,3.0,100.0,False,,,False,False,False,2.558994852811381,"{""straightlining"": {""irv"": {""attitude_scale"": 0.75}}, ""logical_contradiction"": {}, ""mahalanobis_outlier"": {""distance"": 2.558994852811381}}"
4.0,2.0,4.0,3.0,4.0,3.0,4.0,3.0,4.0,3.0,100.0,False,,,False,False,False,1.571809707127522,"{""straightlining"": {""irv"": {""attitude_scale"": 0.6875}}, ""logical_contradiction"": {}, ""mahalanobis_outlier"": {""distance"": 1.571809707127522}}"
3.0,2.0,4.0,3.0,4.0,2.0,3.0,3.0,4.0,5.0,100.0,False,,,False,False,False,0.4704695127776213,"{""straightlining"": {""irv"": {""attitude_scale"": 0.5}}, ""logical_contradiction"": {}, ""mahalanobis_outlier"": {""distance"": 0.4704695127776213}}"
4.0,1.0,5.0,4.0,5.0,2.0,2.0,4.0,3.0,2.0,100.0,False,,,False,False,False,7.876911302066002,"{""straightlining"": {""irv"": {""attitude_scale"": 2.25}}, ""logical_contradiction"": {}, ""mahalanobis_outlier"": {""distance"": 7.876911302066002}}"
2.0,2.0,4.0,3.0,4.0,3.0,2.0,2.0,3.0,3.0,100.0,False,,,False,False,False,1.2944650723845257,"{""straightlining"": {""irv"": {""attitude_scale"": 0.6875}}, ""logical_contradiction"": {}, ""mahalanobis_outlier"": {""distance"": 1.2944650723845257}}"
3.0,2.0,4.0,2.0,3.0,3.0,3.0,3.0,4.0,3.0,100.0,False,,,False,False,False,0.9610171566112005,"{""straightlining"": {""irv"": {""attitude_scale"": 0.6875}}, ""logical_contradiction"": {}, ""mahalanobis_outlier"": {""distance"": 0.9610171566112005}}"
4.0,4.0,5.0,4.0,4.0,2.0,5.0,4.0,3.0,2.0,100.0,False,Logical_Contradiction:EXT2/EXT3,,False,True,False,7.5518453111172885,"{""straightlining"": {""irv"": {""attitude_scale"": 0.1875}}, ""logical_contradiction"": {}, ""mahalanobis_outlier"": {""distance"": 7.5518453111172885}}"
2.0,2.0,4.0,3.0,3.0,3.0,3.0,5.0,1.0,4.0,100.0,False,,,False,False,False,1.2944650723845257,"{""straightlining"": {""irv"": {""attitude_scale"": 0.6875}}, ""logical_contradiction"": {}, ""mahalanobis_outlier"": {""distance"": 1.2944650723845257}}"
4.0,1.0,4.0,3.0,1.0,4.0,1.0,3.0,3.0,5.0,100.0,False,,,False,False,False,3.0291008843721468,"{""straightlining"": {""irv"": {""attitude_scale"": 1.5}}, ""logical_contradiction"": {}, ""mahalanobis_outlier"": {""distance"": 3.0291008843721468}}"
2.0,4.0,2.0,4.0,2.0,3.0,1.0,4.0,4.0,5.0,100.0,False,,,False,False,False,1.6713583987865275,"{""straightlining"": {""irv"": {""attitude_scale"": 1.0}}, ""logical_contradiction"": {}, ""mahalanobis_outlier"": {""distance"": 1.6713583987865275}}"
1.0,5.0,3.0,4.0,2.0,2.0,1.0,5.0,1.0,5.0,100.0,False,,,False,False,False,4.026311759575873,"{""straightlining"": {""irv"": {""attitude_scale"": 2.1875}}, ""logical_contradiction"": {}, ""mahalanobis_outlier"": {""distance"": 4.026311759575873}}"
3.0,2.0,5.0,2.0,4.0,2.0,4.0,3.0,3.0,2.0,100.0,False,,,False,False,False,2.2564521123804755,"{""straightlining"": {""irv"": {""attitude_scale"": 1.5}}, ""logical_contradiction"": {}, ""mahalanobis_outlier"": {""distance"": 2.2564521123804755}}"
3.0,3.0,4.0,4.0,3.0,2.0,2.0,3.0,2.0,5.0,100.0,False,,,False,False,False,1.7419924764460082,"{""straightlining"": {""irv"": {""attitude_scale"": 0.25}}, ""logical_contradiction"": {}, ""mahalanobis_outlier"": {""distance"": 1.7419924764460082}}"
1.0,5.0,3.0,5.0,1.0,5.0,1.0,5.0,2.0,5.0,100.0,False,,,False,False,False,4.2646816172359046,"{""straightlining"": {""irv"": {""attitude_scale"": 2.75}}, ""logical_contradiction"": {}, ""mahalanobis_outlier"": {""distance"": 4.2646816172359046}}"
1.0,3.0,4.0,4.0,3.0,3.0,1.0,3.0,2.0,5.0,100.0,False,,,False,False,False,3.4509966113587316,"{""straightlining"": {""irv"": {""attitude_scale"": 1.5}}, ""logical_contradiction"": {}, ""mahalanobis_outlier"": {""distance"": 3.4509966113587316}}"
2.0,2.0,4.0,2.0,4.0,2.0,4.0,2.0,2.0,4.0,100.0,False,,,False,False,False,2.4575115441661906,"{""straightlining"": {""irv"": {""attitude_scale"": 0.75}}, ""logical_contradiction"": {}, ""mahalanobis_outlier"": {""distance"": 2.4575115441661906}}"
2.0,3.0,3.0,4.0,4.0,3.0,3.0,4.0,4.0,3.0,100.0,False,,,False,False,False,0.6278165359118435,"{""straightlining"": {""irv"": {""attitude_scale"": 0.5}}, ""logical_contradiction"": {}, ""mahalanobis_outlier"": {""distance"": 0.6278165359118435}}"
1.0,1.0,5.0,3.0,5.0,1.0,1.0,5.0,3.0,3.0,100.0,False,,,False,False,False,8.596013223710866,"{""straightlining"": {""irv"": {""attitude_scale"": 2.75}}, ""logical_contradiction"": {}, ""mahalanobis_outlier"": {""distance"": 8.596013223710866}}"
1.0,5.0,2.0,5.0,2.0,5.0,1.0,5.0,1.0,5.0,100.0,False,,,False,False,False,3.599514761935826,"{""straightlining"": {""irv"": {""attitude_scale"": 3.1875}}, ""logical_contradiction"": {}, ""mahalanobis_outlier"": {""distance"": 3.599514761935826}}"
3.0,1.0,4.0,4.0,4.0,2.0,3.0,5.0,4.0,5.0,100.0,False,,,False,False,False,5.058822380334425,"{""straightlining"": {""irv"": {""attitude_scale"": 1.5}}, ""logical_contradiction"": {}, ""mahalanobis_outlier"": {""distance"": 5.058822380334425}}"
3.0,5.0,4.0,4.0,3.0,2.0,2.0,4.0,3.0,4.0,100.0,False,Logical_Contradiction:EXT2/EXT3,,False,True,False,5.6268760316463675,"{""straightlining"": {""irv"": {""attitude_scale"": 0.5}}, ""logical_contradiction"": {}, ""mahalanobis_outlier"": {""distance"": 5.6268760316463675}}"
4.0,2.0,5.0,3.0,5.0,2.0,4.0,4.0,3.0,4.0,100.0,False,,,False,False,False,2.8243036967870774,"{""straightlining"": {""irv"": {""attitude_scale"": 1.25}}, ""logical_contradiction"": {}, ""mahalanobis_outlier"": {""distance"": 2.8243036967870774}}"
3.0,2.0,4.0,2.0,4.0,0.0,3.0,2.0,4.0,2.0,100.0,False,,,False,False,False,0.9610171566112005,"{""straightlining"": {""irv"": {""attitude_scale"": 0.6875}}, ""logical_contradiction"": {}, ""mahalanobis_outlier"": {""distance"": 0.9610171566112005}}"
2.0,4.0,3.0,4.0,2.0,2.0,2.0,4.0,2.0,4.0,100.0,False,,,False,False,False,1.020198691884052,"{""straightlining"": {""irv"": {""attitude_scale"": 0.6875}}, ""logical_contradiction"": {}, ""mahalanobis_outlier"": {""distance"": 1.020198691884052}}"
2.0,4.0,4.0,4.0,3.0,3.0,2.0,5.0,2.0,3.0,100.0,False,Logical_Contradiction:EXT2/EXT3,,False,True,False,2.4163917209571903,"{""straightlining"": {""irv"": {""attitude_scale"": 0.75}}, ""logical_contradiction"": {}, ""mahalanobis_outlier"": {""distance"": 2.4163917209571903}}"
3.0,4.0,5.0,3.0,1.0,3.0,3.0,5.0,1.0,5.0,100.0,False,Logical_Contradiction:EXT2/EXT3,,False,True,False,4.955249271150447,"{""straightlining"": {""irv"": {""attitude_scale"": 0.6875}}, ""logical_contradiction"": {}, ""mahalanobis_outlier"": {""distance"": 4.955249271150447}}"
2.0,1.0,3.0,3.0,5.0,1.0,3.0,3.0,4.0,5.0,100.0,False,,,False,False,False,3.487038346116684,"{""straightlining"": {""irv"": {""attitude_scale"": 0.6875}}, ""logical_contradiction"": {}, ""mahalanobis_outlier"": {""distance"": 3.487038346116684}}"
2.0,2.0,3.0,3.0,3.0,2.0,2.0,4.0,4.0,4.0,100.0,False,,,False,False,False,1.1202391884493255,"{""straightlining"": {""irv"": {""attitude_scale"": 0.25}}, ""logical_contradiction"": {}, ""mahalanobis_outlier"": {""distance"": 1.1202391884493255}}"
4.0,1.0,2.0,3.0,1.0,1.0,1.0,3.0,5.0,3.0,100.0,False,Logical_Contradiction:EXT2/EXT3,,False,True,False,7.446536909101908,"{""straightlining"": {""irv"": {""attitude_scale"": 1.25}}, ""logical_contradiction"": {}, ""mahalanobis_outlier"": {""distance"": 7.446536909101908}}"
4.0,2.0,5.0,2.0,4.0,2.0,4.0,2.0,5.0,4.0,100.0,False,,,False,False,False,2.2007511636566606,"{""straightlining"": {""irv"": {""attitude_scale"": 1.6875}}, ""logical_contradiction"": {}, ""mahalanobis_outlier"": {""distance"": 2.2007511636566606}}"
1.0,2.0,4.0,3.0,4.0,2.0,4.0,3.0,4.0,3.0,100.0,False,,,False,False,False,4.0437963859482355,"{""straightlining"": {""irv"": {""attitude_scale"": 1.25}}, ""logical_contradiction"": {}, ""mahalanobis_outlier"": {""distance"": 4.0437963859482355}}"
4.0,5.0,3.0,4.0,4.0,3.0,4.0,5.0,2.0,3.0,100.0,False,,,False,False,False,7.3624113806040405,"{""straightlining"": {""irv"": {""attitude_scale"": 0.5}}, ""logical_contradiction"": {}, ""mahalanobis_outlier"": {""distance"": 7.3624113806040405}}"
2.0,1.0,3.0,3.0,4.0,2.0,2.0,4.0,2.0,5.0,100.0,False,,,False,False,False,3.487038346116684,"{""straightlining"": {""irv"": {""attitude_scale"": 0.6875}}, ""logical_contradiction"": {}, ""mahalanobis_outlier"": {""distance"": 3.487038346116684}}"
3.0,2.0,4.0,3.0,4.0,2.0,3.0,2.0,3.0,3.0,100.0,False,,,False,False,False,0.4704695127776213,"{""straightlining"": {""irv"": {""attitude_scale"": 0.5}}, ""logical_contradiction"": {}, ""mahalanobis_outlier"": {""distance"": 0.4704695127776213}}"
1.0,2.0,3.0,5.0,5.0,1.0,5.0,5.0,1.0,5.0,100.0,False,,,False,False,False,6.391549020576319,"{""straightlining"": {""irv"": {""attitude_scale"": 2.1875}}, ""logical_contradiction"": {}, ""mahalanobis_outlier"": {""distance"": 6.391549020576319}}"
3.0,4.0,3.0,3.0,3.0,3.0,2.0,2.0,4.0,4.0,100.0,False,,,False,False,False,1.9677978053116343,"{""straightlining"": {""irv"": {""attitude_scale"": 0.1875}}, ""logical_contradiction"": {}, ""mahalanobis_outlier"": {""distance"": 1.9677978053116343}}"
3.0,1.0,5.0,2.0,5.0,1.0,4.0,3.0,5.0,3.0,100.0,False,,,False,False,False,2.741547516840125,"{""straightlining"": {""irv"": {""attitude_scale"": 2.1875}}, ""logical_contradiction"": {}, ""mahalanobis_outlier"": {""distance"": 2.741547516840125}}"
4.0,1.0,5.0,2.0,5.0,2.0,2.0,2.0,0.0,5.0,100.0,False,,,False,False,False,2.426184026935451,"{""straightlining"": {""irv"": {""attitude_scale"": 2.5}}, ""logical_contradiction"": {}, ""mahalanobis_outlier"": {""distance"": 2.426184026935451}}"
4.0,1.0,5.0,2.0,4.0,1.0,4.0,2.0,4.0,4.0,100.0,False,,,False,False,False,2.426184026935451,"{""straightlining"": {""irv"": {""attitude_scale"": 2.5}}, ""logical_contradiction"": {}, ""mahalanobis_outlier"": {""distance"": 2.426184026935451}}"
4.0,2.0,4.0,3.0,4.0,2.0,3.0,3.0,4.0,3.0,100.0,False,,,False,False,False,1.571809707127522,"{""straightlining"": {""irv"": {""attitude_scale"": 0.6875}}, ""logical_contradiction"": {}, ""mahalanobis_outlier"": {""distance"": 1.571809707127522}}"
3.0,4.0,5.0,4.0,4.0,3.0,3.0,5.0,3.0,3.0,100.0,False,Logical_Contradiction:EXT2/EXT3,,False,True,False,5.743223521583213,"{""straightlining"": {""irv"": {""attitude_scale"": 0.5}}, ""logical_contradiction"": {}, ""mahalanobis_outlier"": {""distance"": 5.743223521583213}}"
4.0,3.0,3.0,4.0,3.0,2.0,3.0,4.0,2.0,5.0,100.0,False,,,False,False,False,3.7385685391639893,"{""straightlining"": {""irv"": {""attitude_scale"": 0.25}}, ""logical_contradiction"": {}, ""mahalanobis_outlier"": {""distance"": 3.7385685391639893}}"
2.0,4.0,3.0,4.0,3.0,3.0,3.0,5.0,2.0,5.0,100.0,False,,,False,False,False,1.020198691884052,"{""straightlining"": {""irv"": {""attitude_scale"": 0.6875}}, ""logical_contradiction"": {}, ""mahalanobis_outlier"": {""distance"": 1.020198691884052}}"
1.0,5.0,1.0,5.0,3.0,5.0,1.0,5.0,1.0,5.0,100.0,False,,,False,False,False,4.9817006426113615,"{""straightlining"": {""irv"": {""attitude_scale"": 4.0}}, ""logical_contradiction"": {}, ""mahalanobis_outlier"": {""distance"": 4.9817006426113615}}"
2.0,2.0,5.0,3.0,5.0,2.0,2.0,4.0,2.0,3.0,100.0,False,,,False,False,False,3.51604369229534,"{""straightlining"": {""irv"": {""attitude_scale"": 1.5}}, ""logical_contradiction"": {}, ""mahalanobis_outlier"": {""distance"": 3.51604369229534}}"
5.0,3.0,1.0,3.0,1.0,5.0,3.0,5.0,1.0,5.0,50.0,False,Mahalanobis_Outlier,,False,False,True,14.01099808221152,"{""straightlining"": {""irv"": {""attitude_scale"": 2.0}}, ""logical_contradiction"": {}, ""mahalanobis_outlier"": {""distance"": 14.01099808221152}}"
1.0,4.0,2.0,4.0,2.0,2.0,1.0,5.0,1.0,5.0,100.0,False,,,False,False,False,2.259781171789173,"{""straightlining"": {""irv"": {""attitude_scale"": 1.6875}}, ""logical_contradiction"": {}, ""mahalanobis_outlier"": {""distance"": 2.259781171789173}}"
3.0,3.0,3.0,3.0,3.0,1.0,3.0,4.0,2.0,2.0,50.0,False,Straightlining_Error:attitude_scale,,True,False,False,0.47407769225374574,"{""straightlining"": {""irv"": {""attitude_scale"": 0.0}}, ""logical_contradiction"": {}, ""mahalanobis_outlier"": {""distance"": 0.47407769225374574}}"
1.0,3.0,3.0,3.0,3.0,2.0,1.0,4.0,1.0,4.0,100.0,False,,,False,False,False,2.558994852811381,"{""straightlining"": {""irv"": {""attitude_scale"": 0.75}}, ""logical_contradiction"": {}, ""mahalanobis_outlier"": {""distance"": 2.558994852811381}}"
2.0,4.0,3.0,3.0,3.0,3.0,2.0,3.0,5.0,4.0,100.0,False,,,False,False,False,1.7879259674311903,"{""straightlining"": {""irv"": {""attitude_scale"": 0.5}}, ""logical_contradiction"": {}, ""mahalanobis_outlier"": {""distance"": 1.7879259674311903}}"
1.0,4.0,4.0,3.0,3.0,1.0,2.0,4.0,3.0,4.0,100.0,False,Logical_Contradiction:EXT2/EXT3,,False,True,False,4.972523878690408,"{""straightlining"": {""irv"": {""attitude_scale"": 1.5}}, ""logical_contradiction"": {}, ""mahalanobis_outlier"": {""distance"": 4.972523878690408}}"
2.0,4.0,3.0,5.0,3.0,4.0,2.0,5.0,1.0,5.0,100.0,False,,,False,False,False,2.7727427933969913,"{""straightlining"": {""irv"": {""attitude_scale"": 1.25}}, ""logical_contradiction"": {}, ""mahalanobis_outlier"": {""distance"": 2.7727427933969913}}"
4.0,1.0,4.0,1.0,5.0,1.0,5.0,3.0,4.0,2.0,100.0,False,,,False,False,False,3.5021190613935698,"{""straightlining"": {""irv"": {""attitude_scale"": 2.25}}, ""logical_contradiction"": {}, ""mahalanobis_outlier"": {""distance"": 3.5021190613935698}}"
4.0,1.0,3.0,3.0,3.0,3.0,3.0,3.0,5.0,4.0,100.0,False,,,False,False,False,4.21414252874922,"{""straightlining"": {""irv"": {""attitude_scale"": 1.1875}}, ""logical_contradiction"": {}, ""mahalanobis_outlier"": {""distance"": 4.21414252874922}}"
3.0,1.0,4.0,2.0,4.0,2.0,3.0,2.0,3.0,2.0,100.0,False,,,False,False,False,1.8362954591318643,"{""straightlining"": {""irv"": {""attitude_scale"": 1.25}}, ""logical_contradiction"": {}, ""mahalanobis_outlier"": {""distance"": 1.8362954591318643}}"
1.0,5.0,1.0,5.0,1.0,5.0,1.0,2.0,1.0,5.0,100.0,False,,,False,False,False,4.9817006426113615,"{""straightlining"": {""irv"": {""attitude_scale"": 4.0}}, ""logical_contradiction"": {}, ""mahalanobis_outlier"": {""distance"": 4.9817006426113615}}"
4.0,1.0,4.0,2.0,4.0,1.0,4.0,2.0,4.0,2.0,100.0,False,,,False,False,False,2.00547428435282,"{""straightlining"": {""irv"": {""attitude_scale"": 1.6875}}, ""logical_contradiction"": {}, ""mahalanobis_outlier"": {""distance"": 2.00547428435282}}"
3.0,4.0,5.0,3.0,3.0,5.0,3.0,4.0,3.0,4.0,100.0,False,Logical_Contradiction:EXT2/EXT3,,False,True,False,4.955249271150447,"{""straightlining"": {""irv"": {""attitude_scale"": 0.6875}}, ""logical_contradiction"": {}, ""mahalanobis_outlier"": {""distance"": 4.955249271150447}}"
3.0,3.0,2.0,2.0,4.0,1.0,5.0,4.0,2.0,5.0,100.0,False,,,False,False,False,4.656989719128994,"{""straightlining"": {""irv"": {""attitude_scale"": 0.25}}, ""logical_contradiction"": {}, ""mahalanobis_outlier"": {""distance"": 4.656989719128994}}"
5.0,5.0,5.0,5.0,5.0,5.0,5.0,3.0,5.0,3.0,0.0,True,Straightlining_Error:attitude_scale;Logical_Contradiction:EXT2/EXT3;Mahalanobis_Outlier,,True,True,True,18.849534662501373,"{""straightlining"": {""irv"": {""attitude_scale"": 0.0}}, ""logical_contradiction"": {}, ""mahalanobis_outlier"": {""distance"": 18.849534662501373}}"
2.0,2.0,5.0,2.0,5.0,2.0,2.0,2.0,2.0,3.0,100.0,False,,,False,False,False,4.237488815061096,"{""straightlining"": {""irv"": {""attitude_scale"": 1.6875}}, ""logical_contradiction"": {}, ""mahalanobis_outlier"": {""distance"": 4.237488815061096}}"
4.0,2.0,4.0,4.0,4.0,2.0,4.0,5.0,1.0,5.0,100.0,False,,,False,False,False,4.274032268302106,"{""straightlining"": {""irv"": {""attitude_scale"": 0.75}}, ""logical_contradiction"": {}, ""mahalanobis_outlier"": {""distance"": 4.274032268302106}}"
2.0,4.0,4.0,5.0,4.0,3.0,2.0,4.0,2.0,4.0,100.0,False,Logical_Contradiction:EXT2/EXT3,,False,True,False,4.6105371714860395,"{""straightlining"": {""irv"": {""attitude_scale"": 1.1875}}, ""logical_contradiction"": {}, ""mahalanobis_outlier"": {""distance"": 4.6105371714860395}}"
3.0,1.0,5.0,2.0,5.0,1.0,5.0,2.0,5.0,1.0,100.0,False,,,False,False,False,2.741547516840125,"{""straightlining"": {""irv"": {""attitude_scale"": 2.1875}}, ""logical_contradiction"": {}, ""mahalanobis_outlier"": {""distance"": 2.741547516840125}}"
4.0,2.0,4.0,3.0,5.0,1.0,5.0,1.0,2.0,1.0,100.0,False,,,False,False,False,1.571809707127522,"{""straightlining"": {""irv"": {""attitude_scale"": 0.6875}}, ""logical_contradiction"": {}, ""mahalanobis_outlier"": {""distance"": 1.571809707127522}}"
3.0,1.0,2.0,4.0,3.0,1.0,1.0,3.0,3.0,5.0,100.0,False,Logical_Contradiction:EXT2/EXT3,,False,True,False,7.623971076781109,"{""straightlining"": {""irv"": {""attitude_scale"": 1.25}}, ""logical_contradiction"": {}, ""mahalanobis_outlier"": {""distance"": 7.623971076781109}}"
4.0,3.0,4.0,2.0,5.0,1.0,4.0,4.0,4.0,2.0,100.0,False,,,False,False,False,2.5746711264454047,"{""straightlining"": {""irv"": {""attitude_scale"": 0.6875}}, ""logical_contradiction"": {}, ""mahalanobis_outlier"": {""distance"": 2.5746711264454047}}"
3.0,3.0,4.0,3.0,4.0,3.0,2.0,3.0,3.0,3.0,100.0,False,,,False,False,False,0.5539441591243308,"{""straightlining"": {""irv"": {""attitude_scale"": 0.1875}}, ""logical_contradiction"": {}, ""mahalanobis_outlier"": {""distance"": 0.5539441591243308}}"
1.0,2.0,4.0,3.0,3.0,3.0,2.0,5.0,1.0,3.0,100.0,False,,,False,False,False,4.0437963859482355,"{""straightlining"": {""irv"": {""attitude_scale"": 1.25}}, ""logical_contradiction"": {}, ""mahalanobis_outlier"": {""distance"": 4.0437963859482355}}"
4.0,2.0,4.0,2.0,5.0,3.0,4.0,4.0,3.0,2.0,100.0,False,,,False,False,False,1.3898585230130152,"{""straightlining"": {""irv"": {""attitude_scale"": 1.0}}, ""logical_contradiction"": {}, ""mahalanobis_outlier"": {""distance"": 1.3898585230130152}}"
4.0,1.0,4.0,2.0,4.0,1.0,3.0,1.0,4.0,3.0,100.0,False,,,False,False,False,2.00547428435282,"{""straightlining"": {""irv"": {""attitude_scale"": 1.6875}}, ""logical_contradiction"": {}, ""mahalanobis_outlier"": {""distance"": 2.00547428435282}}"
4.0,3.0,4.0,3.0,5.0,1.0,4.0,4.0,3.0,2.0,100.0,False,,,False,False,False,1.9149468946550907,"{""straightlining"": {""irv"": {""attitude_scale"": 0.25}}, ""logical_contradiction"": {}, ""mahalanobis_outlier"": {""distance"": 1.9149468946550907}}"
5.0,2.0,3.0,5.0,5.0,2.0,4.0,3.0,3.0,4.0,50.0,False,Mahalanobis_Outlier,,False,False,True,14.264398174149516,"{""straightlining"": {""irv"": {""attitude_scale"": 1.6875}}, ""logical_contradiction"": {}, ""mahalanobis_outlier"": {""distance"": 14.264398174149516}}"
0.0,2.0,5.0,2.0,4.0,3.0,2.0,5.0,1.0,4.0,50.0,False,Mahalanobis_Outlier,,False,False,True,13.97556948229275,"{""straightlining"": {""irv"": {""attitude_scale"": 3.1875}}, ""logical_contradiction"": {}, ""mahalanobis_outlier"": {""distance"": 13.97556948229275}}"
3.0,4.0,4.0,3.0,4.0,3.0,4.0,4.0,3.0,3.0,100.0,False,Logical_Contradiction:EXT2/EXT3,,False,True,False,2.437847170243234,"{""straightlining"": {""irv"": {""attitude_scale"": 0.25}}, ""logical_contradiction"": {}, ""mahalanobis_outlier"": {""distance"": 2.437847170243234}}"
3.0,2.0,3.0,3.0,4.0,2.0,2.0,4.0,4.0,3.0,100.0,False,,,False,False,False,0.7807859439680509,"{""straightlining"": {""irv"": {""attitude_scale"": 0.1875}}, ""logical_contradiction"": {}, ""mahalanobis_outlier"": {""distance"": 0.7807859439680509}}"
1.0,5.0,2.0,5.0,1.0,4.0,1.0,5.0,2.0,4.0,100.0,False,,,False,False,False,3.599514761935826,"{""straightlining"": {""irv"": {""attitude_scale"": 3.1875}}, ""logical_contradiction"": {}, ""mahalanobis_outlier"": {""distance"": 3.599514761935826}}"
4.0,4.0,4.0,3.0,3.0,3.0,3.0,4.0,3.0,4.0,100.0,False,Logical_Contradiction:EXT2/EXT3,,False,True,False,4.058512446954854,"{""straightlining"": {""irv"": {""attitude_scale"": 0.1875}}, ""logical_contradiction"": {}, ""mahalanobis_outlier"": {""distance"": 4.058512446954854}}"
3.0,2.0,4.0,3.0,3.0,2.0,4.0,3.0,3.0,2.0,100.0,False,,,False,False,False,0.4704695127776213,"{""straightlining"": {""irv"": {""attitude_scale"": 0.5}}, ""logical_contradiction"": {}, ""mahalanobis_outlier"": {""distance"": 0.4704695127776213}}"
1.0,5.0,1.0,5.0,2.0,4.0,0.0,0.0,1.0,5.0,100.0,False,,,False,False,False,4.9817006426113615,"{""straightlining"": {""irv"": {""attitude_scale"": 4.0}}, ""logical_contradiction"": {}, ""mahalanobis_outlier"": {""distance"": 4.9817006426113615}}"
3.0,3.0,4.0,2.0,3.0,2.0,3.0,3.0,3.0,3.0,100.0,False,,,False,False,False,1.8861672188627305,"{""straightlining"": {""irv"": {""attitude_scale"": 0.5}}, ""logical_contradiction"": {}, ""mahalanobis_outlier"": {""distance"": 1.8861672188627305}}"
3.0,3.0,4.0,3.0,4.0,3.0,4.0,3.0,3.0,3.0,100.0,False,,,False,False,False,0.5539441591243308,"{""straightlining"": {""irv"": {""attitude_scale"": 0.1875}}, ""logical_contradiction"": {}, ""mahalanobis_outlier"": {""distance"": 0.5539441591243308}}"
4.0,2.0,3.0,2.0,4.0,2.0,4.0,3.0,4.0,2.0,100.0,False,,,False,False,False,2.6263186183449836,"{""straightlining"": {""irv"": {""attitude_scale"": 0.6875}}, ""logical_contradiction"": {}, ""mahalanobis_outlier"": {""distance"": 2.6263186183449836}}"
2.0,1.0,4.0,4.0,2.0,2.0,2.0,5.0,1.0,4.0,100.0,False,,,False,False,False,5.469981653174104,"{""straightlining"": {""irv"": {""attitude_scale"": 1.6875}}, ""logical_contradiction"": {}, ""mahalanobis_outlier"": {""distance"": 5.469981653174104}}"
2.0,5.0,1.0,4.0,1.0,5.0,1.0,4.0,2.0,5.0,100.0,False,,,False,False,False,5.782315566286991,"{""straightlining"": {""irv"": {""attitude_scale"": 2.5}}, ""logical_contradiction"": {}, ""mahalanobis_outlier"": {""distance"": 5.782315566286991}}"
2.0,2.0,4.0,3.0,5.0,2.0,2.0,3.0,3.0,2.0,100.0,False,,,False,False,False,1.2944650723845257,"{""straightlining"": {""irv"": {""attitude_scale"": 0.6875}}, ""logical_contradiction"": {}, ""mahalanobis_outlier"": {""distance"": 1.2944650723845257}}"
2.0,5.0,3.0,4.0,2.0,5.0,1.0,3.0,4.0,5.0,100.0,False,,,False,False,False,3.213009212628456,"{""straightlining"": {""irv"": {""attitude_scale"": 1.25}}, ""logical_contradiction"": {}, ""mahalanobis_outlier"": {""distance"": 3.213009212628456}}"
2.0,1.0,3.0,2.0,3.0,1.0,2.0,5.0,3.0,4.0,100.0,False,,,False,False,False,4.250010751009437,"{""straightlining"": {""irv"": {""attitude_scale"": 0.5}}, ""logical_contradiction"": {}, ""mahalanobis_outlier"": {""distance"": 4.250010751009437}}"
4.0,4.0,4.0,2.0,5.0,1.0,5.0,2.0,5.0,1.0,100.0,False,Logical_Contradiction:EXT2/EXT3,,False,True,False,5.559912094649988,"{""straightlining"": {""irv"": {""attitude_scale"": 0.75}}, ""logical_contradiction"": {}, ""mahalanobis_outlier"": {""distance"": 5.559912094649988}}"
1.0,5.0,1.0,4.0,1.0,4.0,1.0,5.0,3.0,5.0,100.0,False,,,False,False,False,5.626533482983147,"{""straightlining"": {""irv"": {""attitude_scale"": 3.1875}}, ""logical_contradiction"": {}, ""mahalanobis_outlier"": {""distance"": 5.626533482983147}}"
4.0,2.0,4.0,2.0,4.0,2.0,4.0,3.0,3.0,2.0,100.0,False,,,False,False,False,1.3898585230130152,"{""straightlining"": {""irv"": {""attitude_scale"": 1.0}}, ""logical_contradiction"": {}, ""mahalanobis_outlier"": {""distance"": 1.3898585230130152}}"
3.0,4.0,4.0,3.0,4.0,3.0,3.0,3.0,4.0,4.0,100.0,False,Logical_Contradiction:EXT2/EXT3,,False,True,False,2.437847170243234,"{""straightlining"": {""irv"": {""attitude_scale"": 0.25}}, ""logical_contradiction"": {}, ""mahalanobis_outlier"": {""distance"": 2.437847170243234}}"
1.0,5.0,2.0,5.0,1.0,5.0,1.0,5.0,1.0,5.0,100.0,False,,,False,False,False,3.599514761935826,"{""straightlining"": {""irv"": {""attitude_scale"": 3.1875}}, ""logical_contradiction"": {}, ""mahalanobis_outlier"": {""distance"": 3.599514761935826}}"
4.0,2.0,5.0,2.0,5.0,1.0,4.0,5.0,1.0,2.0,100.0,False,,,False,False,False,2.2007511636566606,"{""straightlining"": {""irv"": {""attitude_scale"": 1.6875}}, ""logical_contradiction"": {}, ""mahalanobis_outlier"": {""distance"": 2.2007511636566606}}"
4.0,1.0,4.0,2.0,4.0,2.0,4.0,2.0,4.0,3.0,100.0,False,,,False,False,False,2.00547428435282,"{""straightlining"": {""irv"": {""attitude_scale"": 1.6875}}, ""logical_contradiction"": {}, ""mahalanobis_outlier"": {""distance"": 2.00547428435282}}"
3.0,1.0,4.0,1.0,5.0,2.0,2.0,2.0,4.0,2.0,100.0,False,,,False,False,False,4.005439064120701,"{""straightlining"": {""irv"": {""attitude_scale"": 1.6875}}, ""logical_contradiction"": {}, ""mahalanobis_outlier"": {""distance"": 4.005439064120701}}"
2.0,4.0,2.0,5.0,2.0,4.0,1.0,5.0,2.0,5.0,100.0,False,,,False,False,False,2.9823011512835573,"{""straightlining"": {""irv"": {""attitude_scale"": 1.6875}}, ""logical_contradiction"": {}, ""mahalanobis_outlier"": {""distance"": 2.9823011512835573}}"
2.0,1.0,4.0,2.0,5.0,2.0,4.0,3.0,3.0,3.0,100.0,False,,,False,False,False,3.5924523878677137,"{""straightlining"": {""irv"": {""attitude_scale"": 1.1875}}, ""logical_contradiction"": {}, ""mahalanobis_outlier"": {""distance"": 3.5924523878677137}}"
2.0,1.0,5.0,2.0,4.0,1.0,4.0,3.0,3.0,3.0,100.0,False,,,False,False,False,4.982246760701603,"{""straightlining"": {""irv"": {""attitude_scale"": 2.25}}, ""logical_contradiction"": {}, ""mahalanobis_outlier"": {""distance"": 4.982246760701603}}"
3.0,5.0,2.0,5.0,3.0,4.0,2.0,5.0,1.0,5.0,100.0,False,,,False,False,False,6.21232770814523,"{""straightlining"": {""irv"": {""attitude_scale"": 1.6875}}, ""logical_contradiction"": {}, ""mahalanobis_outlier"": {""distance"": 6.21232770814523}}"
4.0,2.0,4.0,3.0,5.0,2.0,5.0,3.0,4.0,2.0,100.0,False,,,False,False,False,1.571809707127522,"{""straightlining"": {""irv"": {""attitude_scale"": 0.6875}}, ""logical_contradiction"": {}, ""mahalanobis_outlier"": {""distance"": 1.571809707127522}}"
1.0,5.0,2.0,4.0,2.0,4.0,1.0,5.0,1.0,5.0,100.0,False,,,False,False,False,3.8027462532917027,"{""straightlining"": {""irv"": {""attitude_scale"": 2.5}}, ""logical_contradiction"": {}, ""mahalanobis_outlier"": {""distance"": 3.8027462532917027}}"
4.0,2.0,5.0,2.0,5.0,1.0,4.0,3.0,4.0,2.0,100.0,False,,,False,False,False,2.2007511636566606,"{""straightlining"": {""irv"": {""attitude_scale"": 1.6875}}, ""logical_contradiction"": {}, ""mahalanobis_outlier"": {""distance"": 2.2007511636566606}}"
4.0,2.0,4.0,2.0,4.0,2.0,5.0,3.0,4.0,3.0,100.0,False,,,False,False,False,1.3898585230130152,"{""straightlining"": {""irv"": {""attitude_scale"": 1.0}}, ""logical_contradiction"": {}, ""mahalanobis_outlier"": {""distance"": 1.3898585230130152}}"
2.0,3.0,2.0,3.0,4.0,3.0,2.0,4.0,2.0,3.0,100.0,False,,,False,False,False,2.0368123495335606,"{""straightlining"": {""irv"": {""attitude_scale"": 0.25}}, ""logical_contradiction"": {}, ""mahalanobis_outlier"": {""distance"": 2.0368123495335606}}"
1.0,2.0,1.0,5.0,3.0,1.0,1.0,5.0,1.0,5.0,100.0,False,Logical_Contradiction:EXT2/EXT3,,False,True,False,9.449665434317865,"{""straightlining"": {""irv"": {""attitude_scale"": 2.6875}}, ""logical_contradiction"": {}, ""mahalanobis_outlier"": {""distance"": 9.449665434317865}}"
2.0,2.0,4.0,4.0,4.0,2.0,3.0,3.0,4.0,4.0,100.0,False,,,False,False,False,2.651689977662939,"{""straightlining"": {""irv"": {""attitude_scale"": 1.0}}, ""logical_contradiction"": {}, ""mahalanobis_outlier"": {""distance"": 2.651689977662939}}"
4.0,2.0,4.0,2.0,4.0,2.0,2.0,4.0,3.0,2.0,100.0,False,,,False,False,False,1.3898585230130152,"{""straightlining"": {""irv"": {""attitude_scale"": 1.0}}, ""logical_contradiction"": {}, ""mahalanobis_outlier"": {""distance"": 1.3898585230130152}}"
1.0,2.0,3.0,4.0,4.0,1.0,2.0,3.0,2.0,3.0,100.0,False,,,False,False,False,3.6281529152018233,"{""straightlining"": {""irv"": {""attitude_scale"": 1.25}}, ""logical_contradiction"": {}, ""mahalanobis_outlier"": {""distance"": 3.6281529152018233}}"
1.0,5.0,2.0,5.0,2.0,3.0,3.0,4.0,5.0,5.0,100.0,False,,,False,False,False,3.599514761935826,"{""straightlining"": {""irv"": {""attitude_scale"": 3.1875}}, ""logical_contradiction"": {}, ""mahalanobis_outlier"": {""distance"": 3.599514761935826}}"
2.0,4.0,4.0,4.0,3.0,4.0,2.0,3.0,2.0,4.0,100.0,False,Logical_Contradiction:EXT2/EXT3,,False,True,False,2.4163917209571903,"{""straightlining"": {""irv"": {""attitude_scale"": 0.75}}, ""logical_contradiction"": {}, ""mahalanobis_outlier"": {""distance"": 2.4163917209571903}}"
3.0,2.0,4.0,3.0,5.0,1.0,3.0,3.0,4.0,2.0,100.0,False,,,False,False,False,0.4704695127776213,"{""straightlining"": {""irv"": {""attitude_scale"": 0.5}}, ""logical_contradiction"": {}, ""mahalanobis_outlier"": {""distance"": 0.4704695127776213}}"
3.0,3.0,3.0,5.0,3.0,2.0,2.0,5.0,2.0,5.0,100.0,False,,,False,False,False,4.48724300592536,"{""straightlining"": {""irv"": {""attitude_scale"": 0.75}}, ""logical_contradiction"": {}, ""mahalanobis_outlier"": {""distance"": 4.48724300592536}}"
4.0,2.0,5.0,1.0,4.0,1.0,4.0,2.0,5.0,2.0,100.0,False,,,False,False,False,4.097470007586322,"{""straightlining"": {""irv"": {""attitude_scale"": 2.5}}, ""logical_contradiction"": {}, ""mahalanobis_outlier"": {""distance"": 4.097470007586322}}"
1.0,3.0,3.0,4.0,3.0,3.0,4.0,3.0,3.0,4.0,100.0,False,,,False,False,False,1.960444165220978,"{""straightlining"": {""irv"": {""attitude_scale"": 1.1875}}, ""logical_contradiction"": {}, ""mahalanobis_outlier"": {""distance"": 1.960444165220978}}"
3.0,1.0,5.0,3.0,5.0,1.0,5.0,4.0,2.0,2.0,100.0,False,,,False,False,False,3.534276637927276,"{""straightlining"": {""irv"": {""attitude_scale"": 2.0}}, ""logical_contradiction"": {}, ""mahalanobis_outlier"": {""distance"": 3.534276637927276}}"
3.0,2.0,3.0,3.0,3.0,2.0,3.0,4.0,3.0,3.0,100.0,False,,,False,False,False,0.7807859439680509,"{""straightlining"": {""irv"": {""attitude_scale"": 0.1875}}, ""logical_contradiction"": {}, ""mahalanobis_outlier"": {""distance"": 0.7807859439680509}}"
4.0,1.0,5.0,2.0,5.0,1.0,5.0,2.0,5.0,2.0,100.0,False,,,False,False,False,2.426184026935451,"{""straightlining"": {""irv"": {""attitude_scale"": 2.5}}, ""logical_contradiction"": {}, ""mahalanobis_outlier"": {""distance"": 2.426184026935451}}"
5.0,3.0,3.0,3.0,3.0,5.0,5.0,5.0,5.0,5.0,100.0,False,,,False,False,False,6.090503547523331,"{""straightlining"": {""irv"": {""attitude_scale"": 0.75}}, ""logical_contradiction"": {}, ""mahalanobis_outlier"": {""distance"": 6.090503547523331}}"
3.0,2.0,4.0,2.0,3.0,3.0,2.0,4.0,3.0,3.0,100.0,False,,,False,False,False,0.9610171566112005,"{""straightlining"": {""irv"": {""attitude_scale"": 0.6875}}, ""logical_contradiction"": {}, ""mahalanobis_outlier"": {""distance"": 0.9610171566112005}}"
2.0,4.0,1.0,5.0,2.0,4.0,2.0,5.0,1.0,4.0,100.0,False,,,False,False,False,5.239212245145737,"{""straightlining"": {""irv"": {""attitude_scale"": 2.5}}, ""logical_contradiction"": {}, ""mahalanobis_outlier"": {""distance"": 5.239212245145737}}"
4.0,2.0,5.0,2.0,5.0,1.0,4.0,1.0,5.0,1.0,100.0,False,,,False,False,False,2.2007511636566606,"{""straightlining"": {""irv"": {""attitude_scale"": 1.6875}}, ""logical_contradiction"": {}, ""mahalanobis_outlier"": {""distance"": 2.2007511636566606}}"
2.0,2.0,5.0,2.0,5.0,2.0,4.0,4.0,4.0,2.0,100.0,False,,,False,False,False,4.237488815061096,"{""straightlining"": {""irv"": {""attitude_scale"": 1.6875}}, ""logical_contradiction"": {}, ""mahalanobis_outlier"": {""distance"": 4.237488815061096}}"
5.0,2.0,4.0,3.0,4.0,2.0,4.0,4.0,2.0,2.0,100.0,False,,,False,False,False,4.598485655434229,"{""straightlining"": {""irv"": {""attitude_scale"": 1.25}}, ""logical_contradiction"": {}, ""mahalanobis_outlier"": {""distance"": 4.598485655434229}}"
3.0,2.0,2.0,2.0,5.0,1.0,3.0,5.0,4.0,1.0,100.0,False,Logical_Contradiction:EXT2/EXT3,,False,True,False,4.512205452999493,"{""straightlining"": {""irv"": {""attitude_scale"": 0.1875}}, ""logical_contradiction"": {}, ""mahalanobis_outlier"": {""distance"": 4.512205452999493}}"
4.0,4.0,4.0,3.0,3.0,5.0,4.0,2.0,3.0,5.0,100.0,False,Logical_Contradiction:EXT2/EXT3,,False,True,False,4.058512446954854,"{""straightlining"": {""irv"": {""attitude_scale"": 0.1875}}, ""logical_contradiction"": {}, ""mahalanobis_outlier"": {""distance"": 4.058512446954854}}"
4.0,1.0,5.0,3.0,5.0,1.0,5.0,2.0,5.0,4.0,100.0,False,,,False,False,False,3.8914119759706884,"{""straightlining"": {""irv"": {""attitude_scale"": 2.1875}}, ""logical_contradiction"": {}, ""mahalanobis_outlier"": {""distance"": 3.8914119759706884}}"
1.0,3.0,3.0,4.0,3.0,3.0,1.0,5.0,1.0,3.0,100.0,False,,,False,False,False,1.960444165220978,"{""straightlining"": {""irv"": {""attitude_scale"": 1.1875}}, ""logical_contradiction"": {}, ""mahalanobis_outlier"": {""distance"": 1.960444165220978}}"
4.0,3.0,3.0,2.0,4.0,3.0,4.0,2.0,2.0,3.0,100.0,False,,,False,False,False,3.4209483237163587,"{""straightlining"": {""irv"": {""attitude_scale"": 0.5}}, ""logical_contradiction"": {}, ""mahalanobis_outlier"": {""distance"": 3.4209483237163587}}"
1.0,3.0,2.0,3.0,3.0,3.0,3.0,5.0,1.0,5.0,100.0,False,,,False,False,False,3.5573964916651506,"{""straightlining"": {""irv"": {""attitude_scale"": 0.6875}}, ""logical_contradiction"": {}, ""mahalanobis_outlier"": {""distance"": 3.5573964916651506}}"
5.0,1.0,5.0,1.0,5.0,1.0,5.0,4.0,4.0,1.0,100.0,False,,,False,False,False,4.418700891064336,"{""straightlining"": {""irv"": {""attitude_scale"": 4.0}}, ""logical_contradiction"": {}, ""mahalanobis_outlier"": {""distance"": 4.418700891064336}}"
2.0,3.0,4.0,3.0,3.0,2.0,3.0,3.0,3.0,4.0,100.0,False,,,False,False,False,1.1182771775503757,"{""straightlining"": {""irv"": {""attitude_scale"": 0.5}}, ""logical_contradiction"": {}, ""mahalanobis_outlier"": {""distance"": 1.1182771775503757}}"
4.0,2.0,3.0,2.0,4.0,2.0,3.0,2.0,3.0,3.0,100.0,False,,,False,False,False,2.6263186183449836,"{""straightlining"": {""irv"": {""attitude_scale"": 0.6875}}, ""logical_contradiction"": {}, ""mahalanobis_outlier"": {""distance"": 2.6263186183449836}}"
3.0,3.0,5.0,3.0,4.0,3.0,5.0,5.0,1.0,2.0,100.0,False,,,False,False,False,2.6811633619705297,"{""straightlining"": {""irv"": {""attitude_scale"": 0.75}}, ""logical_contradiction"": {}, ""mahalanobis_outlier"": {""distance"": 2.6811633619705297}}"
5.0,1.0,4.0,1.0,5.0,2.0,5.0,1.0,4.0,2.0,100.0,False,,,False,False,False,4.924134812623244,"{""straightlining"": {""irv"": {""attitude_scale"": 3.1875}}, ""logical_contradiction"": {}, ""mahalanobis_outlier"": {""distance"": 4.924134812623244}}"
4.0,2.0,4.0,3.0,5.0,2.0,4.0,4.0,3.0,5.0,100.0,False,,,False,False,False,1.571809707127522,"{""straightlining"": {""irv"": {""attitude_scale"": 0.6875}}, ""logical_contradiction"": {}, ""mahalanobis_outlier"": {""distance"": 1.571809707127522}}"
5.0,1.0,4.0,2.0,5.0,2.0,4.0,2.0,4.0,2.0,100.0,False,,,False,False,False,4.099988863530579,"{""straightlining"": {""irv"": {""attitude_scale"": 2.5}}, ""logical_contradiction"": {}, ""mahalanobis_outlier"": {""distance"": 4.099988863530579}}"
2.0,3.0,2.0,5.0,2.0,1.0,1.0,5.0,2.0,5.0,100.0,False,,,False,False,False,3.8217773092771847,"{""straightlining"": {""irv"": {""attitude_scale"": 1.5}}, ""logical_contradiction"": {}, ""mahalanobis_outlier"": {""distance"": 3.8217773092771847}}"
2.0,2.0,4.0,3.0,5.0,2.0,4.0,2.0,3.0,4.0,100.0,False,,,False,False,False,1.2944650723845257,"{""straightlining"": {""irv"": {""attitude_scale"": 0.6875}}, ""logical_contradiction"": {}, ""mahalanobis_outlier"": {""distance"": 1.2944650723845257}}"
1.0,3.0,3.0,3.0,1.0,3.0,1.0,3.0,3.0,5.0,100.0,False,,,False,False,False,2.558994852811381,"{""straightlining"": {""irv"": {""attitude_scale"": 0.75}}, ""logical_contradiction"": {}, ""mahalanobis_outlier"": {""distance"": 2.558994852811381}}"
4.0,1.0,5.0,1.0,4.0,1.0,4.0,3.0,2.0,3.0,100.0,False,,,False,False,False,3.4812274549602917,"{""straightlining"": {""irv"": {""attitude_scale"": 3.1875}}, ""logical_contradiction"": {}, ""mahalanobis_outlier"": {""distance"": 3.4812274549602917}}"
4.0,4.0,2.0,4.0,2.0,4.0,4.0,4.0,2.0,5.0,100.0,False,,,False,False,False,6.27052011465165,"{""straightlining"": {""irv"": {""attitude_scale"": 0.75}}, ""logical_contradiction"": {}, ""mahalanobis_outlier"": {""distance"": 6.27052011465165}}"
4.0,2.0,4.0,3.0,5.0,1.0,2.0,3.0,5.0,4.0,100.0,False,,,False,False,False,1.571809707127522,"{""straightlining"": {""irv"": {""attitude_scale"": 0.6875}}, ""logical_contradiction"": {}, ""mahalanobis_outlier"": {""distance"": 1.571809707127522}}"
2.0,3.0,5.0,3.0,2.0,2.0,1.0,2.0,2.0,4.0,100.0,False,,,False,False,False,3.730038695522204,"{""straightlining"": {""irv"": {""attitude_scale"": 1.1875}}, ""logical_contradiction"": {}, ""mahalanobis_outlier"": {""distance"": 3.730038695522204}}"
3.0,3.0,1.0,4.0,1.0,4.0,1.0,2.0,1.0,5.0,100.0,False,,,False,False,False,6.319647236713366,"{""straightlining"": {""irv"": {""attitude_scale"": 1.1875}}, ""logical_contradiction"": {}, ""mahalanobis_outlier"": {""distance"": 6.319647236713366}}"
3.0,3.0,3.0,3.0,3.0,4.0,1.0,3.0,3.0,5.0,50.0,False,Straightlining_Error:attitude_scale,,True,False,False,0.47407769225374574,"{""straightlining"": {""irv"": {""attitude_scale"": 0.0}}, ""logical_contradiction"": {}, ""mahalanobis_outlier"": {""distance"": 0.47407769225374574}}"
3.0,1.0,4.0,3.0,5.0,2.0,4.0,5.0,2.0,2.0,100.0,False,,,False,False,False,2.187423231203105,"{""straightlining"": {""irv"": {""attitude_scale"": 1.1875}}, ""logical_contradiction"": {}, ""mahalanobis_outlier"": {""distance"": 2.187423231203105}}"
4.0,1.0,5.0,2.0,5.0,1.0,5.0,4.0,4.0,2.0,100.0,False,,,False,False,False,2.426184026935451,"{""straightlining"": {""irv"": {""attitude_scale"": 2.5}}, ""logical_contradiction"": {}, ""mahalanobis_outlier"": {""distance"": 2.426184026935451}}"
3.0,3.0,3.0,3.0,3.0,2.0,3.0,3.0,4.0,4.0,50.0,False,Straightlining_Error:attitude_scale,,True,False,False,0.47407769225374574,"{""straightlining"": {""irv"": {""attitude_scale"": 0.0}}, ""logical_contradiction"": {}, ""mahalanobis_outlier"": {""distance"": 0.47407769225374574}}"
3.0,3.0,1.0,4.0,2.0,2.0,1.0,3.0,1.0,5.0,100.0,False,,,False,False,False,6.319647236713366,"{""straightlining"": {""irv"": {""attitude_scale"": 1.1875}}, ""logical_contradiction"": {}, ""mahalanobis_outlier"": {""distance"": 6.319647236713366}}"
5.0,1.0,5.0,1.0,4.0,1.0,5.0,2.0,4.0,1.0,100.0,False,,,False,False,False,4.418700891064336,"{""straightlining"": {""irv"": {""attitude_scale"": 4.0}}, ""logical_contradiction"": {}, ""mahalanobis_outlier"": {""distance"": 4.418700891064336}}"
2.0,1.0,4.0,2.0,4.0,1.0,4.0,5.0,1.0,5.0,100.0,False,,,False,False,False,3.5924523878677137,"{""straightlining"": {""irv"": {""attitude_scale"": 1.1875}}, ""logical_contradiction"": {}, ""mahalanobis_outlier"": {""distance"": 3.5924523878677137}}"
2.0,2.0,3.0,3.0,3.0,2.0,2.0,2.0,4.0,4.0,100.0,False,,,False,False,False,1.1202391884493255,"{""straightlining"": {""irv"": {""attitude_scale"": 0.25}}, ""logical_contradiction"": {}, ""mahalanobis_outlier"": {""distance"": 1.1202391884493255}}"
2.0,3.0,4.0,5.0,5.0,1.0,5.0,1.0,5.0,5.0,100.0,False,,,False,False,False,4.6696475333576375,"{""straightlining"": {""irv"": {""attitude_scale"": 1.25}}, ""logical_contradiction"": {}, ""mahalanobis_outlier"": {""distance"": 4.6696475333576375}}"
3.0,1.0,4.0,2.0,5.0,1.0,4.0,2.0,5.0,3.0,100.0,False,,,False,False,False,1.8362954591318643,"{""straightlining"": {""irv"": {""attitude_scale"": 1.25}}, ""logical_contradiction"": {}, ""mahalanobis_outlier"": {""distance"": 1.8362954591318643}}"
3.0,3.0,4.0,3.0,4.0,4.0,4.0,4.0,2.0,5.0,100.0,False,,,False,False,False,0.5539441591243308,"{""straightlining"": {""irv"": {""attitude_scale"": 0.1875}}, ""logical_contradiction"": {}, ""mahalanobis_outlier"": {""distance"": 0.5539441591243308}}"
3.0,3.0,5.0,2.0,5.0,1.0,3.0,4.0,2.0,3.0,100.0,False,,,False,False,False,3.5717850726930203,"{""straightlining"": {""irv"": {""attitude_scale"": 1.1875}}, ""logical_contradiction"": {}, ""mahalanobis_outlier"": {""distance"": 3.5717850726930203}}"
1.0,2.0,4.0,1.0,4.0,3.0,2.0,4.0,4.0,4.0,50.0,False,Mahalanobis_Outlier,,False,False,True,10.23515836246781,"{""straightlining"": {""irv"": {""attitude_scale"": 1.5}}, ""logical_contradiction"": {}, ""mahalanobis_outlier"": {""distance"": 10.23515836246781}}"
1.0,3.0,2.0,4.0,3.0,3.0,1.0,5.0,2.0,5.0,100.0,False,,,False,False,False,2.517244455058839,"{""straightlining"": {""irv"": {""attitude_scale"": 1.25}}, ""logical_contradiction"": {}, ""mahalanobis_outlier"": {""distance"": 2.517244455058839}}"
3.0,3.0,4.0,3.0,3.0,2.0,2.0,4.0,4.0,4.0,100.0,False,,,False,False,False,0.5539441591243308,"{""straightlining"": {""irv"": {""attitude_scale"": 0.1875}}, ""logical_contradiction"": {}, ""mahalanobis_outlier"": {""distance"": 0.5539441591243308}}"
3.0,4.0,3.0,3.0,3.0,4.0,2.0,2.0,1.0,5.0,100.0,False,,,False,False,False,1.9677978053116343,"{""straightlining"": {""irv"": {""attitude_scale"": 0.1875}}, ""logical_contradiction"": {}, ""mahalanobis_outlier"": {""distance"": 1.9677978053116343}}"
1.0,5.0,5.0,5.0,5.0,5.0,3.0,5.0,1.0,5.0,50.0,False,Logical_Contradiction:EXT2/EXT3;Mahalanobis_Outlier,,False,True,True,11.7370735357629,"{""straightlining"": {""irv"": {""attitude_scale"": 3.0}}, ""logical_contradiction"": {}, ""mahalanobis_outlier"": {""distance"": 11.7370735357629}}"
5.0,1.0,5.0,5.0,4.0,2.0,5.0,3.0,5.0,2.0,50.0,False,Mahalanobis_Outlier,,False,False,True,18.01015075311778,"{""straightlining"": {""irv"": {""attitude_scale"": 3.0}}, ""logical_contradiction"": {}, ""mahalanobis_outlier"": {""distance"": 18.01015075311778}}"
3.0,3.0,3.0,3.0,3.0,3.0,3.0,5.0,1.0,5.0,50.0,False,Straightlining_Error:attitude_scale,,True,False,False,0.47407769225374574,"{""straightlining"": {""irv"": {""attitude_scale"": 0.0}}, ""logical_contradiction"": {}, ""mahalanobis_outlier"": {""distance"": 0.47407769225374574}}"
3.0,5.0,4.0,5.0,3.0,5.0,2.0,5.0,0.0,5.0,100.0,False,Logical_Contradiction:EXT2/EXT3,,False,True,False,7.65184489421848,"{""straightlining"": {""irv"": {""attitude_scale"": 0.6875}}, ""logical_contradiction"": {}, ""mahalanobis_outlier"": {""distance"": 7.65184489421848}}"
1.0,5.0,2.0,5.0,2.0,2.0,1.0,5.0,1.0,5.0,100.0,False,,,False,False,False,3.599514761935826,"{""straightlining"": {""irv"": {""attitude_scale"": 3.1875}}, ""logical_contradiction"": {}, ""mahalanobis_outlier"": {""distance"": 3.599514761935826}}"
1.0,5.0,1.0,5.0,1.0,5.0,1.0,5.0,1.0,1.0,100.0,False,,,False,False,False,4.9817006426113615,"{""straightlining"": {""irv"": {""attitude_scale"": 4.0}}, ""logical_contradiction"": {}, ""mahalanobis_outlier"": {""distance"": 4.9817006426113615}}"
1.0,5.0,1.0,5.0,3.0,5.0,1.0,1.0,3.0,5.0,100.0,False,,,False,False,False,4.9817006426113615,"{""straightlining"": {""irv"": {""attitude_scale"": 4.0}}, ""logical_contradiction"": {}, ""mahalanobis_outlier"": {""distance"": 4.9817006426113615}}"
5.0,1.0,5.0,1.0,5.0,1.0,5.0,5.0,5.0,1.0,100.0,False,,,False,False,False,4.418700891064336,"{""straightlining"": {""irv"": {""attitude_scale"": 4.0}}, ""logical_contradiction"": {}, ""mahalanobis_outlier"": {""distance"": 4.418700891064336}}"
1.0,5.0,1.0,5.0,1.0,5.0,1.0,5.0,1.0,5.0,100.0,False,,,False,False,False,4.9817006426113615,"{""straightlining"": {""irv"": {""attitude_scale"": 4.0}}, ""logical_contradiction"": {}, ""mahalanobis_outlier"": {""distance"": 4.9817006426113615}}"
1.0,4.0,5.0,5.0,4.0,3.0,1.0,1.0,1.0,4.0,50.0,False,Logical_Contradiction:EXT2/EXT3;Mahalanobis_Outlier,,False,True,True,9.86523517598215,"{""straightlining"": {""irv"": {""attitude_scale"": 2.6875}}, ""logical_contradiction"": {}, ""mahalanobis_outlier"": {""distance"": 9.86523517598215}}"
1.0,5.0,2.0,4.0,2.0,4.0,1.0,4.0,2.0,5.0,100.0,False,,,False,False,False,3.8027462532917027,"{""straightlining"": {""irv"": {""attitude_scale"": 2.5}}, ""logical_contradiction"": {}, ""mahalanobis_outlier"": {""distance"": 3.8027462532917027}}"
5.0,1.0,5.0,1.0,5.0,1.0,5.0,3.0,3.0,1.0,100.0,False,,,False,False,False,4.418700891064336,"{""straightlining"": {""irv"": {""attitude_scale"": 4.0}}, ""logical_contradiction"": {}, ""mahalanobis_outlier"": {""distance"": 4.418700891064336}}"
4.0,5.0,4.0,4.0,3.0,3.0,3.0,5.0,1.0,4.0,100.0,False,Logical_Contradiction:EXT2/EXT3,,False,True,False,8.179702677486933,"{""straightlining"": {""irv"": {""attitude_scale"": 0.1875}}, ""logical_contradiction"": {}, ""mahalanobis_outlier"": {""distance"": 8.179702677486933}}"
4.0,1.0,2.0,2.0,4.0,5.0,3.0,3.0,3.0,2.0,100.0,False,Logical_Contradiction:EXT2/EXT3,,False,True,False,7.306113007114399,"{""straightlining"": {""irv"": {""attitude_scale"": 1.1875}}, ""logical_contradiction"": {}, ""mahalanobis_outlier"": {""distance"": 7.306113007114399}}"
4.0,1.0,4.0,2.0,4.0,1.0,4.0,2.0,5.0,2.0,100.0,False,,,False,False,False,2.00547428435282,"{""straightlining"": {""irv"": {""attitude_scale"": 1.6875}}, ""logical_contradiction"": {}, ""mahalanobis_outlier"": {""distance"": 2.00547428435282}}"
5.0,1.0,5.0,2.0,5.0,1.0,5.0,4.0,4.0,2.0,100.0,False,,,False,False,False,4.036156290987582,"{""straightlining"": {""irv"": {""attitude_scale"": 3.1875}}, ""logical_contradiction"": {}, ""mahalanobis_outlier"": {""distance"": 4.036156290987582}}"
3.0,1.0,4.0,3.0,4.0,3.0,5.0,3.0,3.0,5.0,100.0,False,,,False,False,False,2.187423231203105,"{""straightlining"": {""irv"": {""attitude_scale"": 1.1875}}, ""logical_contradiction"": {}, ""mahalanobis_outlier"": {""distance"": 2.187423231203105}}"
2.0,5.0,4.0,4.0,2.0,1.0,2.0,2.0,2.0,5.0,100.0,False,Logical_Contradiction:EXT2/EXT3,,False,True,False,4.999385139762607,"{""straightlining"": {""irv"": {""attitude_scale"": 1.1875}}, ""logical_contradiction"": {}, ""mahalanobis_outlier"": {""distance"": 4.999385139762607}}"
3.0,2.0,4.0,2.0,4.0,2.0,4.0,3.0,4.0,3.0,100.0,False,,,False,False,False,0.9610171566112005,"{""straightlining"": {""irv"": {""attitude_scale"": 0.6875}}, ""logical_contradiction"": {}, ""mahalanobis_outlier"": {""distance"": 0.9610171566112005}}"
2.0,5.0,1.0,4.0,1.0,5.0,0.0,3.0,0.0,5.0,100.0,False,,,False,False,False,5.782315566286991,"{""straightlining"": {""irv"": {""attitude_scale"": 2.5}}, ""logical_contradiction"": {}, ""mahalanobis_outlier"": {""distance"": 5.782315566286991}}"
1.0,3.0,3.0,2.0,4.0,2.0,3.0,5.0,1.0,5.0,100.0,False,,,False,False,False,5.677816917461862,"{""straightlining"": {""irv"": {""attitude_scale"": 0.6875}}, ""logical_contradiction"": {}, ""mahalanobis_outlier"": {""distance"": 5.677816917461862}}"
1.0,2.0,3.0,4.0,2.0,2.0,2.0,4.0,2.0,4.0,100.0,False,,,False,False,False,3.6281529152018233,"{""straightlining"": {""irv"": {""attitude_scale"": 1.25}}, ""logical_contradiction"": {}, ""mahalanobis_outlier"": {""distance"": 3.6281529152018233}}"
1.0,5.0,2.0,4.0,2.0,2.0,1.0,5.0,3.0,4.0,100.0,False,,,False,False,False,3.8027462532917027,"{""straightlining"": {""irv"": {""attitude_scale"": 2.5}}, ""logical_contradiction"": {}, ""mahalanobis_outlier"": {""distance"": 3.8027462532917027}}"
1.0,2.0,5.0,1.0,5.0,1.0,3.0,2.0,5.0,2.0,50.0,False,Mahalanobis_Outlier,,False,False,True,12.05807659947244,"{""straightlining"": {""irv"": {""attitude_scale"": 2.6875}}, ""logical_contradiction"": {}, ""mahalanobis_outlier"": {""distance"": 12.05807659947244}}"
2.0,1.0,4.0,2.0,5.0,1.0,5.0,4.0,3.0,3.0,100.0,False,,,False,False,False,3.5924523878677137,"{""straightlining"": {""irv"": {""attitude_scale"": 1.1875}}, ""logical_contradiction"": {}, ""mahalanobis_outlier"": {""distance"": 3.5924523878677137}}"
2.0,5.0,3.0,4.0,2.0,2.0,3.0,5.0,2.0,5.0,100.0,False,,,False,False,False,3.213009212628456,"{""straightlining"": {""irv"": {""attitude_scale"": 1.25}}, ""logical_contradiction"": {}, ""mahalanobis_outlier"": {""distance"": 3.213009212628456}}"
1.0,3.0,3.0,4.0,4.0,3.0,3.0,5.0,2.0,3.0,100.0,False,,,False,False,False,1.960444165220978,"{""straightlining"": {""irv"": {""attitude_scale"": 1.1875}}, ""logical_contradiction"": {}, ""mahalanobis_outlier"": {""distance"": 1.960444165220978}}"
4.0,1.0,4.0,2.0,5.0,2.0,4.0,3.0,4.0,2.0,100.0,False,,,False,False,False,2.00547428435282,"{""straightlining"": {""irv"": {""attitude_scale"": 1.6875}}, ""logical_contradiction"": {}, ""mahalanobis_outlier"": {""distance"": 2.00547428435282}}"
1.0,3.0,3.0,5.0,4.0,3.0,1.0,5.0,4.0,5.0,100.0,False,,,False,False,False,3.8821648546906524,"{""straightlining"": {""irv"": {""attitude_scale"": 2.0}}, ""logical_contradiction"": {}, ""mahalanobis_outlier"": {""distance"": 3.8821648546906524}}"
4.0,1.0,4.0,1.0,5.0,1.0,5.0,3.0,4.0,2.0,100.0,False,,,False,False,False,3.5021190613935698,"{""straightlining"": {""irv"": {""attitude_scale"": 2.25}}, ""logical_contradiction"": {}, ""mahalanobis_outlier"": {""distance"": 3.5021190613935698}}"
1.0,4.0,1.0,5.0,1.0,3.0,1.0,2.0,1.0,5.0,100.0,False,,,False,False,False,4.670593875074667,"{""straightlining"": {""irv"": {""attitude_scale"": 3.1875}}, ""logical_contradiction"": {}, ""mahalanobis_outlier"": {""distance"": 4.670593875074667}}"
1.0,4.0,2.0,4.0,2.0,4.0,1.0,4.0,1.0,4.0,100.0,False,,,False,False,False,2.259781171789173,"{""straightlining"": {""irv"": {""attitude_scale"": 1.6875}}, ""logical_contradiction"": {}, ""mahalanobis_outlier"": {""distance"": 2.259781171789173}}"
3.0,2.0,4.0,3.0,5.0,2.0,4.0,4.0,1.0,2.0,100.0,False,,,False,False,False,0.4704695127776213,"{""straightlining"": {""irv"": {""attitude_scale"": 0.5}}, ""logical_contradiction"": {}, ""mahalanobis_outlier"": {""distance"": 0.4704695127776213}}"
3.0,2.0,4.0,2.0,4.0,2.0,3.0,2.0,4.0,2.0,100.0,False,,,False,False,False,0.9610171566112005,"{""straightlining"": {""irv"": {""attitude_scale"": 0.6875}}, ""logical_contradiction"": {}, ""mahalanobis_outlier"": {""distance"": 0.9610171566112005}}"
3.0,3.0,4.0,3.0,3.0,3.0,2.0,3.0,3.0,4.0,100.0,False,,,False,False,False,0.5539441591243308,"{""straightlining"": {""irv"": {""attitude_scale"": 0.1875}}, ""logical_contradiction"": {}, ""mahalanobis_outlier"": {""distance"": 0.5539441591243308}}"
4.0,1.0,5.0,2.0,5.0,1.0,3.0,4.0,4.0,2.0,100.0,False,,,False,False,False,2.426184026935451,"{""straightlining"": {""irv"": {""attitude_scale"": 2.5}}, ""logical_contradiction"": {}, ""mahalanobis_outlier"": {""distance"": 2.426184026935451}}"
4.0,1.0,4.0,1.0,5.0,1.0,3.0,2.0,2.0,3.0,100.0,False,,,False,False,False,3.5021190613935698,"{""straightlining"": {""irv"": {""attitude_scale"": 2.25}}, ""logical_contradiction"": {}, ""mahalanobis_outlier"": {""distance"": 3.5021190613935698}}"
3.0,3.0,3.0,3.0,4.0,2.0,2.0,5.0,3.0,4.0,50.0,False,Straightlining_Error:attitude_scale,,True,False,False,0.47407769225374574,"{""straightlining"": {""irv"": {""attitude_scale"": 0.0}}, ""logical_contradiction"": {}, ""mahalanobis_outlier"": {""distance"": 0.47407769225374574}}"
4.0,2.0,4.0,3.0,4.0,2.0,4.0,4.0,3.0,4.0,100.0,False,,,False,False,False,1.571809707127522,"{""straightlining"": {""irv"": {""attitude_scale"": 0.6875}}, ""logical_contradiction"": {}, ""mahalanobis_outlier"": {""distance"": 1.571809707127522}}"
1.0,4.0,2.0,5.0,2.0,4.0,1.0,5.0,2.0,5.0,100.0,False,,,False,False,False,2.898225096338117,"{""straightlining"": {""irv"": {""attitude_scale"": 2.5}}, ""logical_contradiction"": {}, ""mahalanobis_outlier"": {""distance"": 2.898225096338117}}"
3.0,3.0,3.0,3.0,5.0,5.0,3.0,3.0,3.0,5.0,50.0,False,Straightlining_Error:attitude_scale,,True,False,False,0.47407769225374574,"{""straightlining"": {""irv"": {""attitude_scale"": 0.0}}, ""logical_contradiction"": {}, ""mahalanobis_outlier"": {""distance"": 0.47407769225374574}}"
3.0,2.0,2.0,4.0,4.0,2.0,2.0,5.0,4.0,4.0,100.0,False,Logical_Contradiction:EXT2/EXT3,,False,True,False,4.284976146328774,"{""straightlining"": {""irv"": {""attitude_scale"": 0.6875}}, ""logical_contradiction"": {}, ""mahalanobis_outlier"": {""distance"": 4.284976146328774}}"
4.0,2.0,2.0,4.0,4.0,2.0,4.0,4.0,2.0,4.0,100.0,False,Logical_Contradiction:EXT2/EXT3,,False,True,False,7.02789979887802,"{""straightlining"": {""irv"": {""attitude_scale"": 1.0}}, ""logical_contradiction"": {}, ""mahalanobis_outlier"": {""distance"": 7.02789979887802}}"
1.0,1.0,4.0,4.0,4.0,2.0,4.0,4.0,1.0,1.0,100.0,False,,,False,False,False,7.8064766799705865,"{""straightlining"": {""irv"": {""attitude_scale"": 2.25}}, ""logical_contradiction"": {}, ""mahalanobis_outlier"": {""distance"": 7.8064766799705865}}"
3.0,5.0,2.0,5.0,1.0,5.0,2.0,5.0,1.0,5.0,100.0,False,,,False,False,False,6.21232770814523,"{""straightlining"": {""irv"": {""attitude_scale"": 1.6875}}, ""logical_contradiction"": {}, ""mahalanobis_outlier"": {""distance"": 6.21232770814523}}"
4.0,2.0,2.0,3.0,2.0,2.0,2.0,2.0,4.0,4.0,100.0,False,Logical_Contradiction:EXT2/EXT3,,False,True,False,5.208879935735255,"{""straightlining"": {""irv"": {""attitude_scale"": 0.6875}}, ""logical_contradiction"": {}, ""mahalanobis_outlier"": {""distance"": 5.208879935735255}}"
5.0,1.0,5.0,1.0,5.0,1.0,5.0,5.0,5.0,1.0,100.0,False,,,False,False,False,4.418700891064336,"{""straightlining"": {""irv"": {""attitude_scale"": 4.0}}, ""logical_contradiction"": {}, ""mahalanobis_outlier"": {""distance"": 4.418700891064336}}"
1.0,3.0,3.0,4.0,3.0,4.0,2.0,3.0,3.0,3.0,100.0,False,,,False,False,False,1.960444165220978,"{""straightlining"": {""irv"": {""attitude_scale"": 1.1875}}, ""logical_contradiction"": {}, ""mahalanobis_outlier"": {""distance"": 1.960444165220978}}"
1.0,2.0,3.0,2.0,4.0,1.0,2.0,4.0,3.0,2.0,100.0,False,,,False,False,False,5.662174835633064,"{""straightlining"": {""irv"": {""attitude_scale"": 0.5}}, ""logical_contradiction"": {}, ""mahalanobis_outlier"": {""distance"": 5.662174835633064}}"
4.0,1.0,5.0,1.0,5.0,1.0,5.0,1.0,5.0,3.0,100.0,False,,,False,False,False,3.4812274549602917,"{""straightlining"": {""irv"": {""attitude_scale"": 3.1875}}, ""logical_contradiction"": {}, ""mahalanobis_outlier"": {""distance"": 3.4812274549602917}}"
2.0,4.0,3.0,4.0,2.0,4.0,5.0,4.0,3.0,4.0,100.0,False,,,False,False,False,1.020198691884052,"{""straightlining"": {""irv"": {""attitude_scale"": 0.6875}}, ""logical_contradiction"": {}, ""mahalanobis_outlier"": {""distance"": 1.020198691884052}}"
2.0,3.0,4.0,3.0,3.0,3.0,2.0,5.0,1.0,5.0,100.0,False,,,False,False,False,1.1182771775503757,"{""straightlining"": {""irv"": {""attitude_scale"": 0.5}}, ""logical_contradiction"": {}, ""mahalanobis_outlier"": {""distance"": 1.1182771775503757}}"
3.0,3.0,3.0,1.0,4.0,1.0,1.0,1.0,1.0,5.0,100.0,False,,,False,False,False,6.541997886822442,"{""straightlining"": {""irv"": {""attitude_scale"": 0.75}}, ""logical_contradiction"": {}, ""mahalanobis_outlier"": {""distance"": 6.541997886822442}}"
5.0,1.0,5.0,4.0,3.0,1.0,5.0,5.0,2.0,3.0,50.0,False,Mahalanobis_Outlier,,False,False,True,10.831881222014305,"{""straightlining"": {""irv"": {""attitude_scale"": 2.6875}}, ""logical_contradiction"": {}, ""mahalanobis_outlier"": {""distance"": 10.831881222014305}}"
3.0,1.0,4.0,4.0,3.0,2.0,2.0,2.0,3.0,4.0,100.0,False,,,False,False,False,5.058822380334425,"{""straightlining"": {""irv"": {""attitude_scale"": 1.5}}, ""logical_contradiction"": {}, ""mahalanobis_outlier"": {""distance"": 5.058822380334425}}"
1.0,3.0,2.0,3.0,2.0,3.0,1.0,3.0,3.0,3.0,100.0,False,,,False,False,False,3.5573964916651506,"{""straightlining"": {""irv"": {""attitude_scale"": 0.6875}}, ""logical_contradiction"": {}, ""mahalanobis_outlier"": {""distance"": 3.5573964916651506}}"
1.0,3.0,3.0,3.0,3.0,3.0,3.0,2.0,3.0,2.0,100.0,False,,,False,False,False,2.558994852811381,"{""straightlining"": {""irv"": {""attitude_scale"": 0.75}}, ""logical_contradiction"": {}, ""mahalanobis_outlier"": {""distance"": 2.558994852811381}}"
4.0,1.0,5.0,1.0,4.0,1.0,4.0,2.0,5.0,4.0,100.0,False,,,False,False,False,3.4812274549602917,"{""straightlining"": {""irv"": {""attitude_scale"": 3.1875}}, ""logical_contradiction"": {}, ""mahalanobis_outlier"": {""distance"": 3.4812274549602917}}"
5.0,4.0,4.0,3.0,1.0,3.0,1.0,4.0,2.0,5.0,100.0,False,Logical_Contradiction:EXT2/EXT3,,False,True,False,7.604513477623275,"{""straightlining"": {""irv"": {""attitude_scale"": 0.5}}, ""logical_contradiction"": {}, ""mahalanobis_outlier"": {""distance"": 7.604513477623275}}"
2.0,3.0,4.0,3.0,3.0,1.0,5.0,3.0,3.0,3.0,100.0,False,,,False,False,False,1.1182771775503757,"{""straightlining"": {""irv"": {""attitude_scale"": 0.5}}, ""logical_contradiction"": {}, ""mahalanobis_outlier"": {""distance"": 1.1182771775503757}}"
1.0,1.0,1.0,5.0,3.0,1.0,1.0,5.0,1.0,3.0,50.0,False,Logical_Contradiction:EXT2/EXT3;Mahalanobis_Outlier,,False,True,True,14.53984376109775,"{""straightlining"": {""irv"": {""attitude_scale"": 3.0}}, ""logical_contradiction"": {}, ""mahalanobis_outlier"": {""distance"": 14.53984376109775}}"
3.0,2.0,3.0,2.0,3.0,2.0,4.0,4.0,3.0,2.0,100.0,False,,,False,False,False,1.7129349368175393,"{""straightlining"": {""irv"": {""attitude_scale"": 0.25}}, ""logical_contradiction"": {}, ""mahalanobis_outlier"": {""distance"": 1.7129349368175393}}"
2.0,5.0,2.0,5.0,2.0,4.0,2.0,5.0,2.0,4.0,100.0,False,,,False,False,False,3.943253358062125,"{""straightlining"": {""irv"": {""attitude_scale"": 2.25}}, ""logical_contradiction"": {}, ""mahalanobis_outlier"": {""distance"": 3.943253358062125}}"
5.0,3.0,4.0,2.0,5.0,1.0,3.0,3.0,3.0,2.0,100.0,False,,,False,False,False,5.188510787984884,"{""straightlining"": {""irv"": {""attitude_scale"": 1.25}}, ""logical_contradiction"": {}, ""mahalanobis_outlier"": {""distance"": 5.188510787984884}}"
3.0,2.0,4.0,2.0,3.0,2.0,3.0,2.0,3.0,2.0,100.0,False,,,False,False,False,0.9610171566112005,"{""straightlining"": {""irv"": {""attitude_scale"": 0.6875}}, ""logical_contradiction"": {}, ""mahalanobis_outlier"": {""distance"": 0.9610171566112005}}"
5.0,2.0,3.0,3.0,4.0,3.0,3.0,3.0,4.0,3.0,100.0,False,,,False,False,False,5.877886716875917,"{""straightlining"": {""irv"": {""attitude_scale"": 1.1875}}, ""logical_contradiction"": {}, ""mahalanobis_outlier"": {""distance"": 5.877886716875917}}"
1.0,1.0,1.0,5.0,1.0,1.0,1.0,5.0,1.0,5.0,50.0,False,Logical_Contradiction:EXT2/EXT3;Mahalanobis_Outlier,,False,True,True,14.53984376109775,"{""straightlining"": {""irv"": {""attitude_scale"": 3.0}}, ""logical_contradiction"": {}, ""mahalanobis_outlier"": {""distance"": 14.53984376109775}}"
1.0,3.0,3.0,4.0,4.0,3.0,1.0,4.0,2.0,5.0,100.0,False,,,False,False,False,1.960444165220978,"{""straightlining"": {""irv"": {""attitude_scale"": 1.1875}}, ""logical_contradiction"": {}, ""mahalanobis_outlier"": {""distance"": 1.960444165220978}}"
1.0,3.0,3.0,4.0,4.0,1.0,1.0,5.0,2.0,4.0,100.0,False,,,False,False,False,1.960444165220978,"{""straightlining"": {""irv"": {""attitude_scale"": 1.1875}}, ""logical_contradiction"": {}, ""mahalanobis_outlier"": {""distance"": 1.960444165220978}}"
2.0,5.0,2.0,5.0,1.0,5.0,1.0,3.0,2.0,5.0,100.0,False,,,False,False,False,3.943253358062125,"{""straightlining"": {""irv"": {""attitude_scale"": 2.25}}, ""logical_contradiction"": {}, ""mahalanobis_outlier"": {""distance"": 3.943253358062125}}"
3.0,4.0,3.0,3.0,3.0,3.0,1.0,5.0,3.0,3.0,100.0,False,,,False,False,False,1.9677978053116343,"{""straightlining"": {""irv"": {""attitude_scale"": 0.1875}}, ""logical_contradiction"": {}, ""mahalanobis_outlier"": {""distance"": 1.9677978053116343}}"
2.0,4.0,3.0,4.0,4.0,4.0,2.0,4.0,2.0,4.0,100.0,False,,,False,False,False,1.020198691884052,"{""straightlining"": {""irv"": {""attitude_scale"": 0.6875}}, ""logical_contradiction"": {}, ""mahalanobis_outlier"": {""distance"": 1.020198691884052}}"
1.0,4.0,1.0,5.0,2.0,4.0,1.0,5.0,1.0,5.0,100.0,False,,,False,False,False,4.670593875074667,"{""straightlining"": {""irv"": {""attitude_scale"": 3.1875}}, ""logical_contradiction"": {}, ""mahalanobis_outlier"": {""distance"": 4.670593875074667}}"
3.0,3.0,4.0,3.0,3.0,3.0,4.0,3.0,3.0,4.0,100.0,False,,,False,False,False,0.5539441591243308,"{""straightlining"": {""irv"": {""attitude_scale"": 0.1875}}, ""logical_contradiction"": {}, ""mahalanobis_outlier"": {""distance"": 0.5539441591243308}}"
3.0,1.0,4.0,2.0,4.0,1.0,1.0,5.0,5.0,5.0,100.0,False,,,False,False,False,1.8362954591318643,"{""straightlining"": {""irv"": {""attitude_scale"": 1.25}}, ""logical_contradiction"": {}, ""mahalanobis_outlier"": {""distance"": 1.8362954591318643}}"
2.0,5.0,5.0,5.0,5.0,2.0,5.0,5.0,5.0,4.0,50.0,False,Logical_Contradiction:EXT2/EXT3;Mahalanobis_Outlier,,False,True,True,10.62718518651231,"{""straightlining"": {""irv"": {""attitude_scale"": 1.6875}}, ""logical_contradiction"": {}, ""mahalanobis_outlier"": {""distance"": 10.62718518651231}}"
3.0,2.0,2.0,3.0,3.0,3.0,2.0,3.0,2.0,4.0,100.0,False,Logical_Contradiction:EXT2/EXT3,,False,True,False,3.1384551111340944,"{""straightlining"": {""irv"": {""attitude_scale"": 0.25}}, ""logical_contradiction"": {}, ""mahalanobis_outlier"": {""distance"": 3.1384551111340944}}"
1.0,4.0,2.0,4.0,2.0,4.0,1.0,4.0,1.0,4.0,100.0,False,,,False,False,False,2.259781171789173,"{""straightlining"": {""irv"": {""attitude_scale"": 1.6875}}, ""logical_contradiction"": {}, ""mahalanobis_outlier"": {""distance"": 2.259781171789173}}"
1.0,4.0,4.0,5.0,3.0,4.0,2.0,5.0,1.0,4.0,100.0,False,Logical_Contradiction:EXT2/EXT3,,False,True,False,5.495545746791858,"{""straightlining"": {""irv"": {""attitude_scale"": 2.25}}, ""logical_contradiction"": {}, ""mahalanobis_outlier"": {""distance"": 5.495545746791858}}"
2.0,3.0,2.0,5.0,3.0,2.0,2.0,4.0,3.0,4.0,100.0,False,,,False,False,False,3.8217773092771847,"{""straightlining"": {""irv"": {""attitude_scale"": 1.5}}, ""logical_contradiction"": {}, ""mahalanobis_outlier"": {""distance"": 3.8217773092771847}}"
3.0,3.0,4.0,3.0,2.0,2.0,2.0,4.0,2.0,4.0,100.0,False,,,False,False,False,0.5539441591243308,"{""straightlining"": {""irv"": {""attitude_scale"": 0.1875}}, ""logical_contradiction"": {}, ""mahalanobis_outlier"": {""distance"": 0.5539441591243308}}"
1.0,4.0,3.0,4.0,3.0,4.0,1.0,2.0,5.0,1.0,100.0,False,,,False,False,False,2.093163780012327,"{""straightlining"": {""irv"": {""attitude_scale"": 1.5}}, ""logical_contradiction"": {}, ""mahalanobis_outlier"": {""distance"": 2.093163780012327}}"
3.0,2.0,4.0,2.0,4.0,2.0,4.0,3.0,4.0,2.0,100.0,False,,,False,False,False,0.9610171566112005,"{""straightlining"": {""irv"": {""attitude_scale"": 0.6875}}, ""logical_contradiction"": {}, ""mahalanobis_outlier"": {""distance"": 0.9610171566112005}}"
5.0,1.0,5.0,2.0,4.0,1.0,5.0,2.0,5.0,2.0,100.0,False,,,False,False,False,4.036156290987582,"{""straightlining"": {""irv"": {""attitude_scale"": 3.1875}}, ""logical_contradiction"": {}, ""mahalanobis_outlier"": {""distance"": 4.036156290987582}}"
5.0,3.0,0.0,0.0,5.0,3.0,4.0,5.0,5.0,3.0,50.0,False,Mahalanobis_Outlier,,False,False,True,33.86398098441686,"{""straightlining"": {""irv"": {""attitude_scale"": 4.5}}, ""logical_contradiction"": {}, ""mahalanobis_outlier"": {""distance"": 33.86398098441686}}"
0.0,0.0,0.0,0.0,0.0,0.0,0.0,0.0,0.0,0.0,0.0,True,Straightlining_Error:attitude_scale;Logical_Contradiction:EXT2/EXT3;Mahalanobis_Outlier,,True,True,True,41.677222252748756,"{""straightlining"": {""irv"": {""attitude_scale"": 0.0}}, ""logical_contradiction"": {}, ""mahalanobis_outlier"": {""distance"": 41.677222252748756}}"
1.0,5.0,3.0,5.0,3.0,2.0,2.0,5.0,2.0,5.0,100.0,False,,,False,False,False,4.2646816172359046,"{""straightlining"": {""irv"": {""attitude_scale"": 2.75}}, ""logical_contradiction"": {}, ""mahalanobis_outlier"": {""distance"": 4.2646816172359046}}"
1.0,3.0,2.0,5.0,2.0,3.0,1.0,5.0,1.0,5.0,100.0,False,,,False,False,False,3.9973637955126042,"{""straightlining"": {""irv"": {""attitude_scale"": 2.1875}}, ""logical_contradiction"": {}, ""mahalanobis_outlier"": {""distance"": 3.9973637955126042}}"
2.0,5.0,2.0,4.0,3.0,4.0,2.0,2.0,3.0,4.0,100.0,False,,,False,False,False,3.473986021469917,"{""straightlining"": {""irv"": {""attitude_scale"": 1.6875}}, ""logical_contradiction"": {}, ""mahalanobis_outlier"": {""distance"": 3.473986021469917}}"
2.0,2.0,3.0,2.0,3.0,3.0,2.0,3.0,4.0,5.0,100.0,False,,,False,False,False,2.7248870092468995,"{""straightlining"": {""irv"": {""attitude_scale"": 0.1875}}, ""logical_contradiction"": {}, ""mahalanobis_outlier"": {""distance"": 2.7248870092468995}}"
1.0,5.0,1.0,5.0,1.0,4.0,1.0,5.0,3.0,5.0,100.0,False,,,False,False,False,4.9817006426113615,"{""straightlining"": {""irv"": {""attitude_scale"": 4.0}}, ""logical_contradiction"": {}, ""mahalanobis_outlier"": {""distance"": 4.9817006426113615}}"
4.0,4.0,2.0,4.0,2.0,2.0,2.0,5.0,2.0,5.0,100.0,False,,,False,False,False,6.27052011465165,"{""straightlining"": {""irv"": {""attitude_scale"": 0.75}}, ""logical_contradiction"": {}, ""mahalanobis_outlier"": {""distance"": 6.27052011465165}}"
1.0,4.0,3.0,5.0,3.0,2.0,1.0,5.0,1.0,5.0,100.0,False,,,False,False,False,3.17320905357718,"{""straightlining"": {""irv"": {""attitude_scale"": 2.1875}}, ""logical_contradiction"": {}, ""mahalanobis_outlier"": {""distance"": 3.17320905357718}}"
3.0,1.0,5.0,1.0,5.0,1.0,3.0,1.0,5.0,1.0,100.0,False,,,False,False,False,4.469089772813051,"{""straightlining"": {""irv"": {""attitude_scale"": 2.75}}, ""logical_contradiction"": {}, ""mahalanobis_outlier"": {""distance"": 4.469089772813051}}"
1.0,4.0,2.0,5.0,2.0,3.0,1.0,4.0,1.0,5.0,100.0,False,,,False,False,False,2.898225096338117,"{""straightlining"": {""irv"": {""attitude_scale"": 2.5}}, ""logical_contradiction"": {}, ""mahalanobis_outlier"": {""distance"": 2.898225096338117}}"
5.0,1.0,5.0,1.0,5.0,2.0,5.0,2.0,4.0,2.0,100.0,False,,,False,False,False,4.418700891064336,"{""straightlining"": {""irv"": {""attitude_scale"": 4.0}}, ""logical_contradiction"": {}, ""mahalanobis_outlier"": {""distance"": 4.418700891064336}}"
1.0,5.0,1.0,4.0,1.0,4.0,1.0,5.0,1.0,5.0,100.0,False,,,False,False,False,5.626533482983147,"{""straightlining"": {""irv"": {""attitude_scale"": 3.1875}}, ""logical_contradiction"": {}, ""mahalanobis_outlier"": {""distance"": 5.626533482983147}}"
3.0,1.0,3.0,2.0,2.0,1.0,2.0,3.0,2.0,5.0,100.0,False,,,False,False,False,2.9783961373992183,"{""straightlining"": {""irv"": {""attitude_scale"": 0.6875}}, ""logical_contradiction"": {}, ""mahalanobis_outlier"": {""distance"": 2.9783961373992183}}"
1.0,3.0,4.0,4.0,4.0,2.0,1.0,4.0,2.0,3.0,100.0,False,,,False,False,False,3.4509966113587316,"{""straightlining"": {""irv"": {""attitude_scale"": 1.5}}, ""logical_contradiction"": {}, ""mahalanobis_outlier"": {""distance"": 3.4509966113587316}}"
3.0,3.0,5.0,3.0,4.0,2.0,1.0,5.0,2.0,4.0,100.0,False,,,False,False,False,2.6811633619705297,"{""straightlining"": {""irv"": {""attitude_scale"": 0.75}}, ""logical_contradiction"": {}, ""mahalanobis_outlier"": {""distance"": 2.6811633619705297}}"
3.0,2.0,4.0,3.0,4.0,2.0,4.0,3.0,3.0,3.0,100.0,False,,,False,False,False,0.4704695127776213,"{""straightlining"": {""irv"": {""attitude_scale"": 0.5}}, ""logical_contradiction"": {}, ""mahalanobis_outlier"": {""distance"": 0.4704695127776213}}"
1.0,4.0,2.0,4.0,3.0,5.0,2.0,5.0,1.0,5.0,100.0,False,,,False,False,False,2.259781171789173,"{""straightlining"": {""irv"": {""attitude_scale"": 1.6875}}, ""logical_contradiction"": {}, ""mahalanobis_outlier"": {""distance"": 2.259781171789173}}"
1.0,4.0,2.0,5.0,1.0,1.0,1.0,4.0,1.0,4.0,100.0,False,,,False,False,False,2.898225096338117,"{""straightlining"": {""irv"": {""attitude_scale"": 2.5}}, ""logical_contradiction"": {}, ""mahalanobis_outlier"": {""distance"": 2.898225096338117}}"
4.0,2.0,2.0,2.0,3.0,3.0,4.0,2.0,4.0,4.0,100.0,False,Logical_Contradiction:EXT2/EXT3,,False,True,False,5.910131449652566,"{""straightlining"": {""irv"": {""attitude_scale"": 0.75}}, ""logical_contradiction"": {}, ""mahalanobis_outlier"": {""distance"": 5.910131449652566}}"
1.0,3.0,5.0,1.0,4.0,1.0,1.0,3.0,1.0,1.0,50.0,False,Mahalanobis_Outlier,,False,False,True,13.695759893328088,"{""straightlining"": {""irv"": {""attitude_scale"": 2.75}}, ""logical_contradiction"": {}, ""mahalanobis_outlier"": {""distance"": 13.695759893328088}}"
2.0,2.0,2.0,4.0,3.0,2.0,2.0,4.0,1.0,4.0,100.0,False,Logical_Contradiction:EXT2/EXT3,,False,True,False,3.467388247736333,"{""straightlining"": {""irv"": {""attitude_scale"": 0.75}}, ""logical_contradiction"": {}, ""mahalanobis_outlier"": {""distance"": 3.467388247736333}}"
3.0,1.0,4.0,3.0,3.0,2.0,3.0,3.0,4.0,5.0,100.0,False,,,False,False,False,2.187423231203105,"{""straightlining"": {""irv"": {""attitude_scale"": 1.1875}}, ""logical_contradiction"": {}, ""mahalanobis_outlier"": {""distance"": 2.187423231203105}}"
1.0,2.0,5.0,2.0,3.0,3.0,3.0,4.0,2.0,3.0,100.0,False,,,False,False,False,8.14386127169852,"{""straightlining"": {""irv"": {""attitude_scale"": 2.25}}, ""logical_contradiction"": {}, ""mahalanobis_outlier"": {""distance"": 8.14386127169852}}"
1.0,2.0,3.0,5.0,2.0,4.0,2.0,4.0,2.0,5.0,100.0,False,,,False,False,False,6.391549020576319,"{""straightlining"": {""irv"": {""attitude_scale"": 2.1875}}, ""logical_contradiction"": {}, ""mahalanobis_outlier"": {""distance"": 6.391549020576319}}"
2.0,2.0,4.0,2.0,4.0,1.0,3.0,2.0,2.0,5.0,100.0,False,,,False,False,False,2.4575115441661906,"{""straightlining"": {""irv"": {""attitude_scale"": 0.75}}, ""logical_contradiction"": {}, ""mahalanobis_outlier"": {""distance"": 2.4575115441661906}}"
3.0,2.0,3.0,4.0,4.0,3.0,5.0,4.0,3.0,3.0,100.0,False,,,False,False,False,2.36890832817864,"{""straightlining"": {""irv"": {""attitude_scale"": 0.5}}, ""logical_contradiction"": {}, ""mahalanobis_outlier"": {""distance"": 2.36890832817864}}"
5.0,1.0,5.0,1.0,5.0,1.0,5.0,1.0,5.0,2.0,100.0,False,,,False,False,False,4.418700891064336,"{""straightlining"": {""irv"": {""attitude_scale"": 4.0}}, ""logical_contradiction"": {}, ""mahalanobis_outlier"": {""distance"": 4.418700891064336}}"
2.0,4.0,4.0,2.0,4.0,2.0,2.0,2.0,4.0,4.0,100.0,False,Logical_Contradiction:EXT2/EXT3,,False,True,False,5.588914951079726,"{""straightlining"": {""irv"": {""attitude_scale"": 1.0}}, ""logical_contradiction"": {}, ""mahalanobis_outlier"": {""distance"": 5.588914951079726}}"
5.0,1.0,4.0,2.0,3.0,3.0,4.0,3.0,4.0,4.0,100.0,False,,,False,False,False,4.099988863530579,"{""straightlining"": {""irv"": {""attitude_scale"": 2.5}}, ""logical_contradiction"": {}, ""mahalanobis_outlier"": {""distance"": 4.099988863530579}}"
4.0,2.0,3.0,2.0,4.0,1.0,2.0,2.0,4.0,4.0,100.0,False,,,False,False,False,2.6263186183449836,"{""straightlining"": {""irv"": {""attitude_scale"": 0.6875}}, ""logical_contradiction"": {}, ""mahalanobis_outlier"": {""distance"": 2.6263186183449836}}"
1.0,3.0,3.0,4.0,2.0,4.0,1.0,5.0,1.0,4.0,100.0,False,,,False,False,False,1.960444165220978,"{""straightlining"": {""irv"": {""attitude_scale"": 1.1875}}, ""logical_contradiction"": {}, ""mahalanobis_outlier"": {""distance"": 1.960444165220978}}"
2.0,4.0,4.0,3.0,3.0,3.0,2.0,5.0,2.0,3.0,100.0,False,Logical_Contradiction:EXT2/EXT3,,False,True,False,2.7425176474884188,"{""straightlining"": {""irv"": {""attitude_scale"": 0.6875}}, ""logical_contradiction"": {}, ""mahalanobis_outlier"": {""distance"": 2.7425176474884188}}"
3.0,3.0,3.0,3.0,5.0,1.0,3.0,4.0,2.0,4.0,50.0,False,Straightlining_Error:attitude_scale,,True,False,False,0.47407769225374574,"{""straightlining"": {""irv"": {""attitude_scale"": 0.0}}, ""logical_contradiction"": {}, ""mahalanobis_outlier"": {""distance"": 0.47407769225374574}}"
3.0,2.0,2.0,3.0,3.0,2.0,1.0,2.0,3.0,5.0,100.0,False,Logical_Contradiction:EXT2/EXT3,,False,True,False,3.1384551111340944,"{""straightlining"": {""irv"": {""attitude_scale"": 0.25}}, ""logical_contradiction"": {}, ""mahalanobis_outlier"": {""distance"": 3.1384551111340944}}"
3.0,1.0,4.0,1.0,4.0,1.0,4.0,3.0,4.0,4.0,100.0,False,,,False,False,False,4.005439064120701,"{""straightlining"": {""irv"": {""attitude_scale"": 1.6875}}, ""logical_contradiction"": {}, ""mahalanobis_outlier"": {""distance"": 4.005439064120701}}"
5.0,2.0,4.0,2.0,5.0,2.0,3.0,4.0,4.0,2.0,100.0,False,,,False,False,False,3.7440356433716353,"{""straightlining"": {""irv"": {""attitude_scale"": 1.6875}}, ""logical_contradiction"": {}, ""mahalanobis_outlier"": {""distance"": 3.7440356433716353}}"
3.0,3.0,5.0,3.0,5.0,1.0,4.0,4.0,5.0,1.0,100.0,False,,,False,False,False,2.6811633619705297,"{""straightlining"": {""irv"": {""attitude_scale"": 0.75}}, ""logical_contradiction"": {}, ""mahalanobis_outlier"": {""distance"": 2.6811633619705297}}"
3.0,3.0,2.0,2.0,3.0,2.0,1.0,5.0,1.0,5.0,100.0,False,,,False,False,False,4.656989719128994,"{""straightlining"": {""irv"": {""attitude_scale"": 0.25}}, ""logical_contradiction"": {}, ""mahalanobis_outlier"": {""distance"": 4.656989719128994}}"
2.0,2.0,3.0,3.0,4.0,2.0,3.0,3.0,3.0,4.0,100.0,False,,,False,False,False,1.1202391884493255,"{""straightlining"": {""irv"": {""attitude_scale"": 0.25}}, ""logical_contradiction"": {}, ""mahalanobis_outlier"": {""distance"": 1.1202391884493255}}"
2.0,3.0,2.0,4.0,4.0,3.0,2.0,4.0,2.0,2.0,100.0,False,,,False,False,False,1.6691591408753337,"{""straightlining"": {""irv"": {""attitude_scale"": 0.6875}}, ""logical_contradiction"": {}, ""mahalanobis_outlier"": {""distance"": 1.6691591408753337}}"
5.0,1.0,3.0,1.0,5.0,1.0,5.0,2.0,3.0,3.0,100.0,False,,,False,False,False,7.476921470157766,"{""straightlining"": {""irv"": {""attitude_scale"": 2.75}}, ""logical_contradiction"": {}, ""mahalanobis_outlier"": {""distance"": 7.476921470157766}}"
1.0,1.0,2.0,2.0,3.0,2.0,2.0,3.0,2.0,2.0,100.0,False,Logical_Contradiction:EXT2/EXT3,,False,True,False,9.667329902568168,"{""straightlining"": {""irv"": {""attitude_scale"": 0.25}}, ""logical_contradiction"": {}, ""mahalanobis_outlier"": {""distance"": 9.667329902568168}}"
1.0,2.0,4.0,5.0,4.0,2.0,3.0,3.0,1.0,3.0,100.0,False,,,False,False,False,7.933519917668967,"{""straightlining"": {""irv"": {""attitude_scale"": 2.5}}, ""logical_contradiction"": {}, ""mahalanobis_outlier"": {""distance"": 7.933519917668967}}"
3.0,4.0,4.0,2.0,4.0,2.0,3.0,2.0,5.0,4.0,100.0,False,Logical_Contradiction:EXT2/EXT3,,False,True,False,4.611745645886455,"{""straightlining"": {""irv"": {""attitude_scale"": 0.6875}}, ""logical_contradiction"": {}, ""mahalanobis_outlier"": {""distance"": 4.611745645886455}}"
3.0,2.0,4.0,3.0,4.0,1.0,2.0,4.0,2.0,3.0,100.0,False,,,False,False,False,0.4704695127776213,"{""straightlining"": {""irv"": {""attitude_scale"": 0.5}}, ""logical_contradiction"": {}, ""mahalanobis_outlier"": {""distance"": 0.4704695127776213}}"
3.0,5.0,1.0,1.0,5.0,0.0,4.0,5.0,3.0,4.0,50.0,False,Mahalanobis_Outlier,,False,False,True,20.88456721933495,"{""straightlining"": {""irv"": {""attitude_scale"": 2.75}}, ""logical_contradiction"": {}, ""mahalanobis_outlier"": {""distance"": 20.88456721933495}}"
2.0,5.0,2.0,4.0,2.0,5.0,1.0,4.0,4.0,5.0,100.0,False,,,False,False,False,3.473986021469917,"{""straightlining"": {""irv"": {""attitude_scale"": 1.6875}}, ""logical_contradiction"": {}, ""mahalanobis_outlier"": {""distance"": 3.473986021469917}}"
1.0,4.0,3.0,5.0,3.0,4.0,2.0,4.0,3.0,4.0,100.0,False,,,False,False,False,3.17320905357718,"{""straightlining"": {""irv"": {""attitude_scale"": 2.1875}}, ""logical_contradiction"": {}, ""mahalanobis_outlier"": {""distance"": 3.17320905357718}}"
1.0,5.0,1.0,5.0,1.0,5.0,1.0,5.0,1.0,5.0,100.0,False,,,False,False,False,4.9817006426113615,"{""straightlining"": {""irv"": {""attitude_scale"": 4.0}}, ""logical_contradiction"": {}, ""mahalanobis_outlier"": {""distance"": 4.9817006426113615}}"
1.0,3.0,3.0,5.0,5.0,3.0,1.0,5.0,1.0,5.0,100.0,False,,,False,False,False,3.8821648546906524,"{""straightlining"": {""irv"": {""attitude_scale"": 2.0}}, ""logical_contradiction"": {}, ""mahalanobis_outlier"": {""distance"": 3.8821648546906524}}"
4.0,1.0,5.0,3.0,5.0,2.0,2.0,3.0,3.0,3.0,100.0,False,,,False,False,False,3.8914119759706884,"{""straightlining"": {""irv"": {""attitude_scale"": 2.1875}}, ""logical_contradiction"": {}, ""mahalanobis_outlier"": {""distance"": 3.8914119759706884}}"
4.0,1.0,4.0,3.0,4.0,1.0,3.0,5.0,1.0,5.0,100.0,False,,,False,False,False,3.0291008843721468,"{""straightlining"": {""irv"": {""attitude_scale"": 1.5}}, ""logical_contradiction"": {}, ""mahalanobis_outlier"": {""distance"": 3.0291008843721468}}"
4.0,2.0,4.0,2.0,4.0,3.0,3.0,3.0,4.0,3.0,100.0,False,,,False,False,False,1.3898585230130152,"{""straightlining"": {""irv"": {""attitude_scale"": 1.0}}, ""logical_contradiction"": {}, ""mahalanobis_outlier"": {""distance"": 1.3898585230130152}}"
3.0,2.0,3.0,3.0,4.0,2.0,2.0,3.0,2.0,4.0,100.0,False,,,False,False,False,0.7807859439680509,"{""straightlining"": {""irv"": {""attitude_scale"": 0.1875}}, ""logical_contradiction"": {}, ""mahalanobis_outlier"": {""distance"": 0.7807859439680509}}"
1.0,5.0,3.0,5.0,1.0,3.0,1.0,5.0,1.0,5.0,100.0,False,,,False,False,False,4.2646816172359046,"{""straightlining"": {""irv"": {""attitude_scale"": 2.75}}, ""logical_contradiction"": {}, ""mahalanobis_outlier"": {""distance"": 4.2646816172359046}}"
3.0,2.0,5.0,4.0,3.0,4.0,2.0,5.0,1.0,5.0,100.0,False,,,False,False,False,4.678830899805214,"{""straightlining"": {""irv"": {""attitude_scale"": 1.25}}, ""logical_contradiction"": {}, ""mahalanobis_outlier"": {""distance"": 4.678830899805214}}"
1.0,1.0,4.0,1.0,3.0,1.0,1.0,3.0,4.0,2.0,50.0,False,Mahalanobis_Outlier,,False,False,True,10.788086331445374,"{""straightlining"": {""irv"": {""attitude_scale"": 1.6875}}, ""logical_contradiction"": {}, ""mahalanobis_outlier"": {""distance"": 10.788086331445374}}"
3.0,4.0,3.0,4.0,4.0,4.0,3.0,4.0,1.0,5.0,100.0,False,,,False,False,False,1.8725693577125817,"{""straightlining"": {""irv"": {""attitude_scale"": 0.25}}, ""logical_contradiction"": {}, ""mahalanobis_outlier"": {""distance"": 1.8725693577125817}}"
3.0,2.0,4.0,2.0,4.0,2.0,4.0,4.0,3.0,3.0,100.0,False,,,False,False,False,0.9610171566112005,"{""straightlining"": {""irv"": {""attitude_scale"": 0.6875}}, ""logical_contradiction"": {}, ""mahalanobis_outlier"": {""distance"": 0.9610171566112005}}"
3.0,3.0,4.0,4.0,4.0,2.0,4.0,3.0,4.0,2.0,100.0,False,,,False,False,False,1.7419924764460082,"{""straightlining"": {""irv"": {""attitude_scale"": 0.25}}, ""logical_contradiction"": {}, ""mahalanobis_outlier"": {""distance"": 1.7419924764460082}}"
2.0,4.0,4.0,4.0,4.0,3.0,4.0,3.0,4.0,4.0,100.0,False,Logical_Contradiction:EXT2/EXT3,,False,True,False,2.4163917209571903,"{""straightlining"": {""irv"": {""attitude_scale"": 0.75}}, ""logical_contradiction"": {}, ""mahalanobis_outlier"": {""distance"": 2.4163917209571903}}"
3.0,3.0,4.0,3.0,4.0,2.0,4.0,2.0,4.0,3.0,100.0,False,,,False,False,False,0.5539441591243308,"{""straightlining"": {""irv"": {""attitude_scale"": 0.1875}}, ""logical_contradiction"": {}, ""mahalanobis_outlier"": {""distance"": 0.5539441591243308}}"
1.0,2.0,2.0,5.0,2.0,4.0,1.0,4.0,2.0,4.0,100.0,False,Logical_Contradiction:EXT2/EXT3,,False,True,False,6.896930859459285,"{""straightlining"": {""irv"": {""attitude_scale"": 2.25}}, ""logical_contradiction"": {}, ""mahalanobis_outlier"": {""distance"": 6.896930859459285}}"
1.0,2.0,2.0,3.0,2.0,2.0,2.0,1.0,5.0,5.0,100.0,False,Logical_Contradiction:EXT2/EXT3,,False,True,False,4.7736127238021915,"{""straightlining"": {""irv"": {""attitude_scale"": 0.5}}, ""logical_contradiction"": {}, ""mahalanobis_outlier"": {""distance"": 4.7736127238021915}}"
3.0,5.0,3.0,5.0,3.0,3.0,3.0,2.0,1.0,5.0,100.0,False,,,False,False,False,5.908409933194049,"{""straightlining"": {""irv"": {""attitude_scale"": 1.0}}, ""logical_contradiction"": {}, ""mahalanobis_outlier"": {""distance"": 5.908409933194049}}"
3.0,4.0,3.0,4.0,5.0,3.0,3.0,5.0,1.0,3.0,100.0,False,,,False,False,False,1.8725693577125817,"{""straightlining"": {""irv"": {""attitude_scale"": 0.25}}, ""logical_contradiction"": {}, ""mahalanobis_outlier"": {""distance"": 1.8725693577125817}}"
3.0,1.0,5.0,3.0,5.0,3.0,5.0,4.0,3.0,2.0,100.0,False,,,False,False,False,3.534276637927276,"{""straightlining"": {""irv"": {""attitude_scale"": 2.0}}, ""logical_contradiction"": {}, ""mahalanobis_outlier"": {""distance"": 3.534276637927276}}"
2.0,4.0,2.0,4.0,2.0,3.0,2.0,4.0,1.0,5.0,100.0,False,,,False,False,False,1.6713583987865275,"{""straightlining"": {""irv"": {""attitude_scale"": 1.0}}, ""logical_contradiction"": {}, ""mahalanobis_outlier"": {""distance"": 1.6713583987865275}}"
2.0,3.0,3.0,4.0,2.0,3.0,2.0,4.0,3.0,3.0,100.0,False,,,False,False,False,0.6278165359118435,"{""straightlining"": {""irv"": {""attitude_scale"": 0.5}}, ""logical_contradiction"": {}, ""mahalanobis_outlier"": {""distance"": 0.6278165359118435}}"
1.0,5.0,1.0,5.0,1.0,4.0,1.0,5.0,1.0,5.0,100.0,False,,,False,False,False,4.9817006426113615,"{""straightlining"": {""irv"": {""attitude_scale"": 4.0}}, ""logical_contradiction"": {}, ""mahalanobis_outlier"": {""distance"": 4.9817006426113615}}"
3.0,4.0,2.0,5.0,2.0,4.0,1.0,5.0,2.0,5.0,100.0,False,,,False,False,False,4.991712960185803,"{""straightlining"": {""irv"": {""attitude_scale"": 1.25}}, ""logical_contradiction"": {}, ""mahalanobis_outlier"": {""distance"": 4.991712960185803}}"
2.0,4.0,2.0,4.0,4.0,4.0,3.0,4.0,3.0,4.0,100.0,False,,,False,False,False,1.6713583987865275,"{""straightlining"": {""irv"": {""attitude_scale"": 1.0}}, ""logical_contradiction"": {}, ""mahalanobis_outlier"": {""distance"": 1.6713583987865275}}"
1.0,3.0,3.0,5.0,2.0,3.0,1.0,5.0,2.0,5.0,100.0,False,,,False,False,False,3.8821648546906524,"{""straightlining"": {""irv"": {""attitude_scale"": 2.0}}, ""logical_contradiction"": {}, ""mahalanobis_outlier"": {""distance"": 3.8821648546906524}}"
3.0,1.0,5.0,2.0,4.0,1.0,4.0,2.0,5.0,2.0,100.0,False,,,False,False,False,2.741547516840125,"{""straightlining"": {""irv"": {""attitude_scale"": 2.1875}}, ""logical_contradiction"": {}, ""mahalanobis_outlier"": {""distance"": 2.741547516840125}}"
1.0,5.0,2.0,4.0,2.0,4.0,2.0,4.0,1.0,5.0,100.0,False,,,False,False,False,3.8027462532917027,"{""straightlining"": {""irv"": {""attitude_scale"": 2.5}}, ""logical_contradiction"": {}, ""mahalanobis_outlier"": {""distance"": 3.8027462532917027}}"
1.0,4.0,3.0,3.0,1.0,4.0,1.0,1.0,1.0,5.0,100.0,False,,,False,False,False,3.5333898835075503,"{""straightlining"": {""irv"": {""attitude_scale"": 1.1875}}, ""logical_contradiction"": {}, ""mahalanobis_outlier"": {""distance"": 3.5333898835075503}}"
2.0,5.0,3.0,4.0,2.0,4.0,2.0,4.0,3.0,5.0,100.0,False,,,False,False,False,3.213009212628456,"{""straightlining"": {""irv"": {""attitude_scale"": 1.25}}, ""logical_contradiction"": {}, ""mahalanobis_outlier"": {""distance"": 3.213009212628456}}"
1.0,4.0,3.0,4.0,5.0,1.0,1.0,5.0,1.0,5.0,100.0,False,,,False,False,False,2.093163780012327,"{""straightlining"": {""irv"": {""attitude_scale"": 1.5}}, ""logical_contradiction"": {}, ""mahalanobis_outlier"": {""distance"": 2.093163780012327}}"
3.0,3.0,4.0,2.0,3.0,3.0,5.0,3.0,4.0,4.0,100.0,False,,,False,False,False,1.8861672188627305,"{""straightlining"": {""irv"": {""attitude_scale"": 0.5}}, ""logical_contradiction"": {}, ""mahalanobis_outlier"": {""distance"": 1.8861672188627305}}"
5.0,1.0,3.0,1.0,3.0,1.0,5.0,5.0,2.0,3.0,100.0,False,,,False,False,False,7.476921470157766,"{""straightlining"": {""irv"": {""attitude_scale"": 2.75}}, ""logical_contradiction"": {}, ""mahalanobis_outlier"": {""distance"": 7.476921470157766}}"
5.0,2.0,2.0,2.0,3.0,2.0,4.0,5.0,2.0,3.0,100.0,False,Logical_Contradiction:EXT2/EXT3,,False,True,False,9.233393200262446,"{""straightlining"": {""irv"": {""attitude_scale"": 1.6875}}, ""logical_contradiction"": {}, ""mahalanobis_outlier"": {""distance"": 9.233393200262446}}"
5.0,1.0,5.0,2.0,4.0,1.0,5.0,5.0,5.0,5.0,100.0,False,,,False,False,False,4.036156290987582,"{""straightlining"": {""irv"": {""attitude_scale"": 3.1875}}, ""logical_contradiction"": {}, ""mahalanobis_outlier"": {""distance"": 4.036156290987582}}"
1.0,5.0,4.0,5.0,3.0,3.0,1.0,5.0,1.0,3.0,100.0,False,Logical_Contradiction:EXT2/EXT3,,False,True,False,6.977201208511595,"{""straightlining"": {""irv"": {""attitude_scale"": 2.6875}}, ""logical_contradiction"": {}, ""mahalanobis_outlier"": {""distance"": 6.977201208511595}}"
3.0,2.0,4.0,2.0,0.0,1.0,1.0,4.0,3.0,5.0,100.0,False,,,False,False,False,0.9610171566112005,"{""straightlining"": {""irv"": {""attitude_scale"": 0.6875}}, ""logical_contradiction"": {}, ""mahalanobis_outlier"": {""distance"": 0.9610171566112005}}"
2.0,3.0,4.0,4.0,2.0,2.0,2.0,4.0,3.0,5.0,100.0,False,,,False,False,False,1.6338266669239676,"{""straightlining"": {""irv"": {""attitude_scale"": 0.6875}}, ""logical_contradiction"": {}, ""mahalanobis_outlier"": {""distance"": 1.6338266669239676}}"
2.0,3.0,3.0,4.0,3.0,3.0,2.0,4.0,2.0,4.0,100.0,False,,,False,False,False,0.6278165359118435,"{""straightlining"": {""irv"": {""attitude_scale"": 0.5}}, ""logical_contradiction"": {}, ""mahalanobis_outlier"": {""distance"": 0.6278165359118435}}"
1.0,3.0,3.0,3.0,2.0,2.0,1.0,2.0,4.0,5.0,100.0,False,,,False,False,False,2.558994852811381,"{""straightlining"": {""irv"": {""attitude_scale"": 0.75}}, ""logical_contradiction"": {}, ""mahalanobis_outlier"": {""distance"": 2.558994852811381}}"
3.0,3.0,4.0,3.0,4.0,1.0,2.0,4.0,3.0,4.0,100.0,False,,,False,False,False,0.5539441591243308,"{""straightlining"": {""irv"": {""attitude_scale"": 0.1875}}, ""logical_contradiction"": {}, ""mahalanobis_outlier"": {""distance"": 0.5539441591243308}}"
3.0,1.0,3.0,2.0,3.0,3.0,3.0,3.0,4.0,3.0,100.0,False,,,False,False,False,2.9783961373992183,"{""straightlining"": {""irv"": {""attitude_scale"": 0.6875}}, ""logical_contradiction"": {}, ""mahalanobis_outlier"": {""distance"": 2.9783961373992183}}"
1.0,1.0,3.0,4.0,1.0,1.0,1.0,4.0,2.0,5.0,100.0,False,,,False,False,False,7.0962900299548615,"{""straightlining"": {""irv"": {""attitude_scale"": 1.6875}}, ""logical_contradiction"": {}, ""mahalanobis_outlier"": {""distance"": 7.0962900299548615}}"
2.0,4.0,2.0,3.0,3.0,3.0,2.0,4.0,2.0,3.0,100.0,False,,,False,False,False,2.8806870233495756,"{""straightlining"": {""irv"": {""attitude_scale"": 0.6875}}, ""logical_contradiction"": {}, ""mahalanobis_outlier"": {""distance"": 2.8806870233495756}}"
1.0,4.0,4.0,3.0,4.0,1.0,2.0,5.0,3.0,5.0,100.0,False,Logical_Contradiction:EXT2/EXT3,,False,True,False,4.972523878690408,"{""straightlining"": {""irv"": {""attitude_scale"": 1.5}}, ""logical_contradiction"": {}, ""mahalanobis_outlier"": {""distance"": 4.972523878690408}}"
2.0,2.0,4.0,3.0,5.0,2.0,4.0,2.0,3.0,3.0,100.0,False,,,False,False,False,1.2944650723845257,"{""straightlining"": {""irv"": {""attitude_scale"": 0.6875}}, ""logical_contradiction"": {}, ""mahalanobis_outlier"": {""distance"": 1.2944650723845257}}"
1.0,4.0,4.0,4.0,4.0,2.0,4.0,4.0,2.0,2.0,100.0,False,Logical_Contradiction:EXT2/EXT3,,False,True,False,3.973899124211095,"{""straightlining"": {""irv"": {""attitude_scale"": 1.6875}}, ""logical_contradiction"": {}, ""mahalanobis_outlier"": {""distance"": 3.973899124211095}}"
1.0,5.0,1.0,5.0,1.0,5.0,1.0,5.0,1.0,5.0,100.0,False,,,False,False,False,4.9817006426113615,"{""straightlining"": {""irv"": {""attitude_scale"": 4.0}}, ""logical_contradiction"": {}, ""mahalanobis_outlier"": {""distance"": 4.9817006426113615}}"
5.0,4.0,4.0,4.0,5.0,2.0,4.0,3.0,5.0,2.0,100.0,False,Logical_Contradiction:EXT2/EXT3,,False,True,False,9.295884034936302,"{""straightlining"": {""irv"": {""attitude_scale"": 0.1875}}, ""logical_contradiction"": {}, ""mahalanobis_outlier"": {""distance"": 9.295884034936302}}"
3.0,2.0,4.0,3.0,5.0,2.0,5.0,4.0,2.0,5.0,100.0,False,,,False,False,False,0.4704695127776213,"{""straightlining"": {""irv"": {""attitude_scale"": 0.5}}, ""logical_contradiction"": {}, ""mahalanobis_outlier"": {""distance"": 0.4704695127776213}}"
1.0,5.0,2.0,5.0,1.0,4.0,1.0,5.0,1.0,3.0,100.0,False,,,False,False,False,3.599514761935826,"{""straightlining"": {""irv"": {""attitude_scale"": 3.1875}}, ""logical_contradiction"": {}, ""mahalanobis_outlier"": {""distance"": 3.599514761935826}}"
4.0,1.0,5.0,1.0,5.0,2.0,4.0,4.0,5.0,1.0,100.0,False,,,False,False,False,3.4812274549602917,"{""straightlining"": {""irv"": {""attitude_scale"": 3.1875}}, ""logical_contradiction"": {}, ""mahalanobis_outlier"": {""distance"": 3.4812274549602917}}"
4.0,5.0,2.0,4.0,4.0,2.0,4.0,4.0,3.0,5.0,100.0,False,,,False,False,False,8.592472819696757,"{""straightlining"": {""irv"": {""attitude_scale"": 1.1875}}, ""logical_contradiction"": {}, ""mahalanobis_outlier"": {""distance"": 8.592472819696757}}"
1.0,4.0,1.0,5.0,3.0,4.0,1.0,5.0,1.0,5.0,100.0,False,,,False,False,False,4.670593875074667,"{""straightlining"": {""irv"": {""attitude_scale"": 3.1875}}, ""logical_contradiction"": {}, ""mahalanobis_outlier"": {""distance"": 4.670593875074667}}"
2.0,4.0,5.0,3.0,4.0,4.0,2.0,4.0,2.0,4.0,100.0,False,Logical_Contradiction:EXT2/EXT3,,False,True,False,5.7444620635212615,"{""straightlining"": {""irv"": {""attitude_scale"": 1.25}}, ""logical_contradiction"": {}, ""mahalanobis_outlier"": {""distance"": 5.7444620635212615}}"
1.0,2.0,2.0,4.0,4.0,2.0,2.0,2.0,2.0,4.0,100.0,False,Logical_Contradiction:EXT2/EXT3,,False,True,False,4.575136103100697,"{""straightlining"": {""irv"": {""attitude_scale"": 1.1875}}, ""logical_contradiction"": {}, ""mahalanobis_outlier"": {""distance"": 4.575136103100697}}"
3.0,1.0,5.0,2.0,3.0,1.0,2.0,1.0,5.0,4.0,100.0,False,,,False,False,False,2.741547516840125,"{""straightlining"": {""irv"": {""attitude_scale"": 2.1875}}, ""logical_contradiction"": {}, ""mahalanobis_outlier"": {""distance"": 2.741547516840125}}"
2.0,1.0,4.0,5.0,4.0,3.0,1.0,2.0,2.0,5.0,50.0,False,Mahalanobis_Outlier,,False,False,True,10.189153351417414,"{""straightlining"": {""irv"": {""attitude_scale"": 2.5}}, ""logical_contradiction"": {}, ""mahalanobis_outlier"": {""distance"": 10.189153351417414}}"
1.0,4.0,3.0,4.0,3.0,2.0,2.0,4.0,4.0,4.0,100.0,False,,,False,False,False,2.093163780012327,"{""straightlining"": {""irv"": {""attitude_scale"": 1.5}}, ""logical_contradiction"": {}, ""mahalanobis_outlier"": {""distance"": 2.093163780012327}}"
1.0,5.0,2.0,5.0,1.0,3.0,5.0,5.0,1.0,5.0,100.0,False,,,False,False,False,3.599514761935826,"{""straightlining"": {""irv"": {""attitude_scale"": 3.1875}}, ""logical_contradiction"": {}, ""mahalanobis_outlier"": {""distance"": 3.599514761935826}}"
4.0,2.0,3.0,3.0,3.0,2.0,4.0,3.0,5.0,2.0,100.0,False,,,False,False,False,2.366668453443581,"{""straightlining"": {""irv"": {""attitude_scale"": 0.5}}, ""logical_contradiction"": {}, ""mahalanobis_outlier"": {""distance"": 2.366668453443581}}"
1.0,5.0,1.0,5.0,1.0,2.0,1.0,5.0,1.0,5.0,100.0,False,,,False,False,False,4.9817006426113615,"{""straightlining"": {""irv"": {""attitude_scale"": 4.0}}, ""logical_contradiction"": {}, ""mahalanobis_outlier"": {""distance"": 4.9817006426113615}}"
4.0,4.0,4.0,2.0,2.0,4.0,4.0,4.0,2.0,5.0,100.0,False,Logical_Contradiction:EXT2/EXT3,,False,True,False,5.559912094649988,"{""straightlining"": {""irv"": {""attitude_scale"": 0.75}}, ""logical_contradiction"": {}, ""mahalanobis_outlier"": {""distance"": 5.559912094649988}}"
2.0,4.0,3.0,4.0,2.0,4.0,2.0,4.0,4.0,5.0,100.0,False,,,False,False,False,1.020198691884052,"{""straightlining"": {""irv"": {""attitude_scale"": 0.6875}}, ""logical_contradiction"": {}, ""mahalanobis_outlier"": {""distance"": 1.020198691884052}}"
1.0,3.0,3.0,2.0,3.0,1.0,1.0,3.0,4.0,5.0,100.0,False,,,False,False,False,5.677816917461862,"{""straightlining"": {""irv"": {""attitude_scale"": 0.6875}}, ""logical_contradiction"": {}, ""mahalanobis_outlier"": {""distance"": 5.677816917461862}}"
3.0,1.0,4.0,2.0,5.0,2.0,3.0,2.0,3.0,2.0,100.0,False,,,False,False,False,1.8362954591318643,"{""straightlining"": {""irv"": {""attitude_scale"": 1.25}}, ""logical_contradiction"": {}, ""mahalanobis_outlier"": {""distance"": 1.8362954591318643}}"
1.0,2.0,1.0,2.0,2.0,4.0,1.0,4.0,1.0,5.0,50.0,False,Logical_Contradiction:EXT2/EXT3;Mahalanobis_Outlier,,False,True,True,11.369899343470065,"{""straightlining"": {""irv"": {""attitude_scale"": 0.25}}, ""logical_contradiction"": {}, ""mahalanobis_outlier"": {""distance"": 11.369899343470065}}"
3.0,2.0,3.0,2.0,5.0,2.0,4.0,2.0,5.0,5.0,100.0,False,,,False,False,False,1.7129349368175393,"{""straightlining"": {""irv"": {""attitude_scale"": 0.25}}, ""logical_contradiction"": {}, ""mahalanobis_outlier"": {""distance"": 1.7129349368175393}}"
5.0,1.0,4.0,2.0,4.0,3.0,4.0,2.0,2.0,4.0,100.0,False,,,False,False,False,4.099988863530579,"{""straightlining"": {""irv"": {""attitude_scale"": 2.5}}, ""logical_contradiction"": {}, ""mahalanobis_outlier"": {""distance"": 4.099988863530579}}"
4.0,1.0,5.0,1.0,5.0,1.0,4.0,3.0,4.0,4.0,100.0,False,,,False,False,False,3.4812274549602917,"{""straightlining"": {""irv"": {""attitude_scale"": 3.1875}}, ""logical_contradiction"": {}, ""mahalanobis_outlier"": {""distance"": 3.4812274549602917}}"
2.0,3.0,5.0,4.0,4.0,2.0,4.0,3.0,3.0,3.0,100.0,False,,,False,False,False,4.687189533911705,"{""straightlining"": {""irv"": {""attitude_scale"": 1.25}}, ""logical_contradiction"": {}, ""mahalanobis_outlier"": {""distance"": 4.687189533911705}}"
3.0,4.0,3.0,4.0,4.0,2.0,2.0,3.0,4.0,5.0,100.0,False,,,False,False,False,1.8725693577125817,"{""straightlining"": {""irv"": {""attitude_scale"": 0.25}}, ""logical_contradiction"": {}, ""mahalanobis_outlier"": {""distance"": 1.8725693577125817}}"
5.0,1.0,4.0,2.0,5.0,1.0,5.0,3.0,4.0,4.0,100.0,False,,,False,False,False,4.099988863530579,"{""straightlining"": {""irv"": {""attitude_scale"": 2.5}}, ""logical_contradiction"": {}, ""mahalanobis_outlier"": {""distance"": 4.099988863530579}}"
5.0,1.0,5.0,1.0,5.0,1.0,5.0,1.0,5.0,1.0,100.0,False,,,False,False,False,4.418700891064336,"{""straightlining"": {""irv"": {""attitude_scale"": 4.0}}, ""logical_contradiction"": {}, ""mahalanobis_outlier"": {""distance"": 4.418700891064336}}"
3.0,3.0,4.0,2.0,4.0,2.0,4.0,2.0,4.0,2.0,100.0,False,,,False,False,False,1.8861672188627305,"{""straightlining"": {""irv"": {""attitude_scale"": 0.5}}, ""logical_contradiction"": {}, ""mahalanobis_outlier"": {""distance"": 1.8861672188627305}}"
3.0,5.0,2.0,5.0,3.0,5.0,2.0,5.0,2.0,5.0,100.0,False,,,False,False,False,6.21232770814523,"{""straightlining"": {""irv"": {""attitude_scale"": 1.6875}}, ""logical_contradiction"": {}, ""mahalanobis_outlier"": {""distance"": 6.21232770814523}}"
2.0,2.0,4.0,4.0,2.0,2.0,2.0,4.0,2.0,5.0,100.0,False,,,False,False,False,2.651689977662939,"{""straightlining"": {""irv"": {""attitude_scale"": 1.0}}, ""logical_contradiction"": {}, ""mahalanobis_outlier"": {""distance"": 2.651689977662939}}"
1.0,4.0,1.0,4.0,3.0,1.0,1.0,4.0,1.0,5.0,100.0,False,,,False,False,False,4.473751299541632,"{""straightlining"": {""irv"": {""attitude_scale"": 2.25}}, ""logical_contradiction"": {}, ""mahalanobis_outlier"": {""distance"": 4.473751299541632}}"
1.0,1.0,2.0,4.0,2.0,4.0,1.0,5.0,1.0,5.0,100.0,False,Logical_Contradiction:EXT2/EXT3,,False,True,False,8.433456115914751,"{""straightlining"": {""irv"": {""attitude_scale"": 1.5}}, ""logical_contradiction"": {}, ""mahalanobis_outlier"": {""distance"": 8.433456115914751}}"
1.0,5.0,3.0,3.0,2.0,4.0,2.0,3.0,4.0,4.0,100.0,False,,,False,False,False,6.308213278975917,"{""straightlining"": {""irv"": {""attitude_scale"": 2.0}}, ""logical_contradiction"": {}, ""mahalanobis_outlier"": {""distance"": 6.308213278975917}}"
5.0,4.0,3.0,1.0,2.0,2.0,5.0,2.0,2.0,5.0,50.0,False,Mahalanobis_Outlier,,False,False,True,13.164824457528933,"{""straightlining"": {""irv"": {""attitude_scale"": 2.1875}}, ""logical_contradiction"": {}, ""mahalanobis_outlier"": {""distance"": 13.164824457528933}}"
1.0,1.0,5.0,4.0,4.0,1.0,0.0,2.0,5.0,3.0,50.0,False,Mahalanobis_Outlier,,False,False,True,10.564016065961926,"{""straightlining"": {""irv"": {""attitude_scale"": 3.1875}}, ""logical_contradiction"": {}, ""mahalanobis_outlier"": {""distance"": 10.564016065961926}}"
5.0,1.0,5.0,1.0,5.0,1.0,5.0,2.0,5.0,1.0,100.0,False,,,False,False,False,4.418700891064336,"{""straightlining"": {""irv"": {""attitude_scale"": 4.0}}, ""logical_contradiction"": {}, ""mahalanobis_outlier"": {""distance"": 4.418700891064336}}"
3.0,3.0,2.0,3.0,5.0,3.0,4.0,3.0,3.0,4.0,100.0,False,,,False,False,False,2.4415639613587747,"{""straightlining"": {""irv"": {""attitude_scale"": 0.1875}}, ""logical_contradiction"": {}, ""mahalanobis_outlier"": {""distance"": 2.4415639613587747}}"
1.0,4.0,1.0,5.0,1.0,3.0,3.0,5.0,1.0,5.0,100.0,False,,,False,False,False,4.670593875074667,"{""straightlining"": {""irv"": {""attitude_scale"": 3.1875}}, ""logical_contradiction"": {}, ""mahalanobis_outlier"": {""distance"": 4.670593875074667}}"
1.0,4.0,1.0,5.0,1.0,1.0,1.0,5.0,1.0,5.0,100.0,False,,,False,False,False,4.670593875074667,"{""straightlining"": {""irv"": {""attitude_scale"": 3.1875}}, ""logical_contradiction"": {}, ""mahalanobis_outlier"": {""distance"": 4.670593875074667}}"
2.0,4.0,5.0,3.0,2.0,4.0,2.0,2.0,4.0,2.0,100.0,False,Logical_Contradiction:EXT2/EXT3,,False,True,False,5.7444620635212615,"{""straightlining"": {""irv"": {""attitude_scale"": 1.25}}, ""logical_contradiction"": {}, ""mahalanobis_outlier"": {""distance"": 5.7444620635212615}}"
2.0,4.0,4.0,3.0,3.0,4.0,4.0,2.0,5.0,4.0,100.0,False,Logical_Contradiction:EXT2/EXT3,,False,True,False,2.7425176474884188,"{""straightlining"": {""irv"": {""attitude_scale"": 0.6875}}, ""logical_contradiction"": {}, ""mahalanobis_outlier"": {""distance"": 2.7425176474884188}}"
2.0,2.0,4.0,4.0,4.0,2.0,4.0,5.0,5.0,5.0,100.0,False,,,False,False,False,2.651689977662939,"{""straightlining"": {""irv"": {""attitude_scale"": 1.0}}, ""logical_contradiction"": {}, ""mahalanobis_outlier"": {""distance"": 2.651689977662939}}"
2.0,3.0,3.0,5.0,3.0,5.0,2.0,4.0,2.0,5.0,100.0,False,,,False,False,False,3.222036053329604,"{""straightlining"": {""irv"": {""attitude_scale"": 1.1875}}, ""logical_contradiction"": {}, ""mahalanobis_outlier"": {""distance"": 3.222036053329604}}"
1.0,5.0,2.0,5.0,2.0,3.0,1.0,5.0,1.0,5.0,100.0,False,,,False,False,False,3.599514761935826,"{""straightlining"": {""irv"": {""attitude_scale"": 3.1875}}, ""logical_contradiction"": {}, ""mahalanobis_outlier"": {""distance"": 3.599514761935826}}"
5.0,2.0,2.0,4.0,2.0,1.0,3.0,5.0,3.0,5.0,50.0,False,Logical_Contradiction:EXT2/EXT3;Mahalanobis_Outlier,,False,True,True,11.696159205384072,"{""straightlining"": {""irv"": {""attitude_scale"": 1.6875}}, ""logical_contradiction"": {}, ""mahalanobis_outlier"": {""distance"": 11.696159205384072}}"
1.0,4.0,5.0,3.0,5.0,3.0,5.0,3.0,1.0,3.0,100.0,False,Logical_Contradiction:EXT2/EXT3,,False,True,False,8.45901060984888,"{""straightlining"": {""irv"": {""attitude_scale"": 2.1875}}, ""logical_contradiction"": {}, ""mahalanobis_outlier"": {""distance"": 8.45901060984888}}"
1.0,3.0,2.0,3.0,2.0,2.0,2.0,5.0,4.0,5.0,100.0,False,,,False,False,False,3.5573964916651506,"{""straightlining"": {""irv"": {""attitude_scale"": 0.6875}}, ""logical_contradiction"": {}, ""mahalanobis_outlier"": {""distance"": 3.5573964916651506}}"
4.0,2.0,5.0,4.0,4.0,2.0,3.0,2.0,5.0,2.0,100.0,False,,,False,False,False,5.9681276069775695,"{""straightlining"": {""irv"": {""attitude_scale"": 1.1875}}, ""logical_contradiction"": {}, ""mahalanobis_outlier"": {""distance"": 5.9681276069775695}}"
3.0,4.0,2.0,4.0,2.0,4.0,2.0,4.0,5.0,3.0,100.0,False,,,False,False,False,3.0082713797406875,"{""straightlining"": {""irv"": {""attitude_scale"": 0.6875}}, ""logical_contradiction"": {}, ""mahalanobis_outlier"": {""distance"": 3.0082713797406875}}"
3.0,3.0,2.0,3.0,3.0,4.0,4.0,4.0,2.0,3.0,100.0,False,,,False,False,False,2.4415639613587747,"{""straightlining"": {""irv"": {""attitude_scale"": 0.1875}}, ""logical_contradiction"": {}, ""mahalanobis_outlier"": {""distance"": 2.4415639613587747}}"
3.0,3.0,3.0,4.0,2.0,2.0,4.0,4.0,3.0,4.0,100.0,False,,,False,False,False,1.220524660559514,"{""straightlining"": {""irv"": {""attitude_scale"": 0.1875}}, ""logical_contradiction"": {}, ""mahalanobis_outlier"": {""distance"": 1.220524660559514}}"
4.0,0.0,5.0,2.0,4.0,1.0,5.0,3.0,4.0,2.0,100.0,False,,,False,False,False,4.452045254986433,"{""straightlining"": {""irv"": {""attitude_scale"": 3.6875}}, ""logical_contradiction"": {}, ""mahalanobis_outlier"": {""distance"": 4.452045254986433}}"
2.0,2.0,2.0,3.0,2.0,2.0,2.0,3.0,3.0,4.0,100.0,False,Logical_Contradiction:EXT2/EXT3,,False,True,False,2.99336604048974,"{""straightlining"": {""irv"": {""attitude_scale"": 0.1875}}, ""logical_contradiction"": {}, ""mahalanobis_outlier"": {""distance"": 2.99336604048974}}"
1.0,3.0,3.0,4.0,2.0,2.0,2.0,5.0,1.0,5.0,100.0,False,,,False,False,False,1.960444165220978,"{""straightlining"": {""irv"": {""attitude_scale"": 1.1875}}, ""logical_contradiction"": {}, ""mahalanobis_outlier"": {""distance"": 1.960444165220978}}"
4.0,1.0,3.0,3.0,4.0,3.0,4.0,3.0,3.0,4.0,100.0,False,,,False,False,False,4.21414252874922,"{""straightlining"": {""irv"": {""attitude_scale"": 1.1875}}, ""logical_contradiction"": {}, ""mahalanobis_outlier"": {""distance"": 4.21414252874922}}"
3.0,3.0,3.0,3.0,4.0,3.0,3.0,4.0,2.0,4.0,50.0,False,Straightlining_Error:attitude_scale,,True,False,False,0.47407769225374574,"{""straightlining"": {""irv"": {""attitude_scale"": 0.0}}, ""logical_contradiction"": {}, ""mahalanobis_outlier"": {""distance"": 0.47407769225374574}}"
2.0,2.0,2.0,4.0,4.0,2.0,3.0,4.0,2.0,5.0,100.0,False,Logical_Contradiction:EXT2/EXT3,,False,True,False,3.467388247736333,"{""straightlining"": {""irv"": {""attitude_scale"": 0.75}}, ""logical_contradiction"": {}, ""mahalanobis_outlier"": {""distance"": 3.467388247736333}}"
2.0,2.0,4.0,3.0,4.0,2.0,3.0,3.0,2.0,3.0,100.0,False,,,False,False,False,1.2944650723845257,"{""straightlining"": {""irv"": {""attitude_scale"": 0.6875}}, ""logical_contradiction"": {}, ""mahalanobis_outlier"": {""distance"": 1.2944650723845257}}"
4.0,3.0,5.0,3.0,4.0,5.0,5.0,4.0,4.0,3.0,100.0,False,,,False,False,False,3.55762378237566,"{""straightlining"": {""irv"": {""attitude_scale"": 0.6875}}, ""logical_contradiction"": {}, ""mahalanobis_outlier"": {""distance"": 3.55762378237566}}"
4.0,3.0,4.0,4.0,4.0,1.0,3.0,4.0,3.0,4.0,100.0,False,,,False,False,False,3.7754940399248538,"{""straightlining"": {""irv"": {""attitude_scale"": 0.1875}}, ""logical_contradiction"": {}, ""mahalanobis_outlier"": {""distance"": 3.7754940399248538}}"
5.0,1.0,5.0,2.0,5.0,1.0,5.0,3.0,5.0,1.0,100.0,False,,,False,False,False,4.036156290987582,"{""straightlining"": {""irv"": {""attitude_scale"": 3.1875}}, ""logical_contradiction"": {}, ""mahalanobis_outlier"": {""distance"": 4.036156290987582}}"
4.0,1.0,5.0,1.0,5.0,1.0,5.0,2.0,5.0,2.0,100.0,False,,,False,False,False,3.4812274549602917,"{""straightlining"": {""irv"": {""attitude_scale"": 3.1875}}, ""logical_contradiction"": {}, ""mahalanobis_outlier"": {""distance"": 3.4812274549602917}}"
4.0,3.0,3.0,4.0,3.0,4.0,2.0,4.0,2.0,2.0,100.0,False,,,False,False,False,3.7385685391639893,"{""straightlining"": {""irv"": {""attitude_scale"": 0.25}}, ""logical_contradiction"": {}, ""mahalanobis_outlier"": {""distance"": 3.7385685391639893}}"
4.0,2.0,4.0,2.0,4.0,2.0,4.0,2.0,5.0,4.0,100.0,False,,,False,False,False,1.3898585230130152,"{""straightlining"": {""irv"": {""attitude_scale"": 1.0}}, ""logical_contradiction"": {}, ""mahalanobis_outlier"": {""distance"": 1.3898585230130152}}"
1.0,4.0,3.0,4.0,2.0,5.0,1.0,4.0,1.0,5.0,100.0,False,,,False,False,False,2.093163780012327,"{""straightlining"": {""irv"": {""attitude_scale"": 1.5}}, ""logical_contradiction"": {}, ""mahalanobis_outlier"": {""distance"": 2.093163780012327}}"
1.0,5.0,2.0,4.0,2.0,1.0,1.0,4.0,2.0,5.0,100.0,False,,,False,False,False,3.8027462532917027,"{""straightlining"": {""irv"": {""attitude_scale"": 2.5}}, ""logical_contradiction"": {}, ""mahalanobis_outlier"": {""distance"": 3.8027462532917027}}"
5.0,2.0,4.0,3.0,3.0,1.0,5.0,3.0,3.0,3.0,100.0,False,,,False,False,False,4.598485655434229,"{""straightlining"": {""irv"": {""attitude_scale"": 1.25}}, ""logical_contradiction"": {}, ""mahalanobis_outlier"": {""distance"": 4.598485655434229}}"
1.0,4.0,3.0,4.0,2.0,2.0,1.0,5.0,1.0,5.0,100.0,False,,,False,False,False,2.093163780012327,"{""straightlining"": {""irv"": {""attitude_scale"": 1.5}}, ""logical_contradiction"": {}, ""mahalanobis_outlier"": {""distance"": 2.093163780012327}}"
3.0,3.0,4.0,3.0,4.0,1.0,2.0,4.0,4.0,2.0,100.0,False,,,False,False,False,0.5539441591243308,"{""straightlining"": {""irv"": {""attitude_scale"": 0.1875}}, ""logical_contradiction"": {}, ""mahalanobis_outlier"": {""distance"": 0.5539441591243308}}"
3.0,1.0,4.0,3.0,4.0,2.0,4.0,3.0,3.0,2.0,100.0,False,,,False,False,False,2.187423231203105,"{""straightlining"": {""irv"": {""attitude_scale"": 1.1875}}, ""logical_contradiction"": {}, ""mahalanobis_outlier"": {""distance"": 2.187423231203105}}"
3.0,3.0,3.0,4.0,4.0,2.0,3.0,4.0,4.0,4.0,100.0,False,,,False,False,False,1.220524660559514,"{""straightlining"": {""irv"": {""attitude_scale"": 0.1875}}, ""logical_contradiction"": {}, ""mahalanobis_outlier"": {""distance"": 1.220524660559514}}"
1.0,1.0,4.0,4.0,5.0,1.0,3.0,4.0,2.0,3.0,100.0,False,,,False,False,False,7.8064766799705865,"{""straightlining"": {""irv"": {""attitude_scale"": 2.25}}, ""logical_contradiction"": {}, ""mahalanobis_outlier"": {""distance"": 7.8064766799705865}}"
3.0,4.0,4.0,4.0,4.0,4.0,4.0,2.0,4.0,5.0,100.0,False,Logical_Contradiction:EXT2/EXT3,,False,True,False,2.784220071660091,"{""straightlining"": {""irv"": {""attitude_scale"": 0.1875}}, ""logical_contradiction"": {}, ""mahalanobis_outlier"": {""distance"": 2.784220071660091}}"
3.0,1.0,4.0,2.0,4.0,1.0,5.0,2.0,5.0,3.0,100.0,False,,,False,False,False,1.8362954591318643,"{""straightlining"": {""irv"": {""attitude_scale"": 1.25}}, ""logical_contradiction"": {}, ""mahalanobis_outlier"": {""distance"": 1.8362954591318643}}"
2.0,3.0,4.0,4.0,3.0,3.0,2.0,4.0,2.0,5.0,100.0,False,,,False,False,False,1.6338266669239676,"{""straightlining"": {""irv"": {""attitude_scale"": 0.6875}}, ""logical_contradiction"": {}, ""mahalanobis_outlier"": {""distance"": 1.6338266669239676}}"
4.0,2.0,4.0,3.0,4.0,1.0,4.0,2.0,4.0,3.0,100.0,False,,,False,False,False,1.571809707127522,"{""straightlining"": {""irv"": {""attitude_scale"": 0.6875}}, ""logical_contradiction"": {}, ""mahalanobis_outlier"": {""distance"": 1.571809707127522}}"
2.0,4.0,1.0,4.0,4.0,2.0,2.0,4.0,2.0,5.0,100.0,False,,,False,False,False,4.369870841664617,"{""straightlining"": {""irv"": {""attitude_scale"": 1.6875}}, ""logical_contradiction"": {}, ""mahalanobis_outlier"": {""distance"": 4.369870841664617}}"
4.0,1.0,5.0,2.0,5.0,1.0,5.0,2.0,5.0,1.0,100.0,False,,,False,False,False,2.426184026935451,"{""straightlining"": {""irv"": {""attitude_scale"": 2.5}}, ""logical_contradiction"": {}, ""mahalanobis_outlier"": {""distance"": 2.426184026935451}}"
1.0,3.0,5.0,2.0,4.0,1.0,4.0,3.0,4.0,3.0,100.0,False,,,False,False,False,8.939869149649347,"{""straightlining"": {""irv"": {""attitude_scale"": 2.1875}}, ""logical_contradiction"": {}, ""mahalanobis_outlier"": {""distance"": 8.939869149649347}}"
3.0,4.0,4.0,3.0,4.0,2.0,3.0,4.0,3.0,4.0,100.0,False,Logical_Contradiction:EXT2/EXT3,,False,True,False,2.437847170243234,"{""straightlining"": {""irv"": {""attitude_scale"": 0.25}}, ""logical_contradiction"": {}, ""mahalanobis_outlier"": {""distance"": 2.437847170243234}}"
3.0,4.0,3.0,3.0,3.0,4.0,2.0,4.0,2.0,4.0,100.0,False,,,False,False,False,1.9677978053116343,"{""straightlining"": {""irv"": {""attitude_scale"": 0.1875}}, ""logical_contradiction"": {}, ""mahalanobis_outlier"": {""distance"": 1.9677978053116343}}"
5.0,1.0,3.0,5.0,5.0,3.0,5.0,1.0,4.0,1.0,50.0,False,Mahalanobis_Outlier,,False,False,True,17.53556054008394,"{""straightlining"": {""irv"": {""attitude_scale"": 2.75}}, ""logical_contradiction"": {}, ""mahalanobis_outlier"": {""distance"": 17.53556054008394}}"
3.0,1.0,2.0,3.0,3.0,2.0,3.0,3.0,2.0,4.0,100.0,False,Logical_Contradiction:EXT2/EXT3,,False,True,False,5.635774625681608,"{""straightlining"": {""irv"": {""attitude_scale"": 0.6875}}, ""logical_contradiction"": {}, ""mahalanobis_outlier"": {""distance"": 5.635774625681608}}"
4.0,4.0,3.0,4.0,3.0,2.0,4.0,5.0,1.0,3.0,100.0,False,,,False,False,False,4.650275777497917,"{""straightlining"": {""irv"": {""attitude_scale"": 0.1875}}, ""logical_contradiction"": {}, ""mahalanobis_outlier"": {""distance"": 4.650275777497917}}"
3.0,4.0,3.0,5.0,2.0,2.0,3.0,4.0,2.0,4.0,100.0,False,,,False,False,False,4.297612287173607,"{""straightlining"": {""irv"": {""attitude_scale"": 0.6875}}, ""logical_contradiction"": {}, ""mahalanobis_outlier"": {""distance"": 4.297612287173607}}"
3.0,3.0,4.0,4.0,4.0,2.0,5.0,4.0,4.0,4.0,100.0,False,,,False,False,False,1.7419924764460082,"{""straightlining"": {""irv"": {""attitude_scale"": 0.25}}, ""logical_contradiction"": {}, ""mahalanobis_outlier"": {""distance"": 1.7419924764460082}}"
4.0,2.0,5.0,2.0,5.0,1.0,4.0,2.0,4.0,3.0,100.0,False,,,False,False,False,2.2007511636566606,"{""straightlining"": {""irv"": {""attitude_scale"": 1.6875}}, ""logical_contradiction"": {}, ""mahalanobis_outlier"": {""distance"": 2.2007511636566606}}"
1.0,5.0,4.0,5.0,3.0,3.0,1.0,5.0,1.0,5.0,100.0,False,Logical_Contradiction:EXT2/EXT3,,False,True,False,6.977201208511595,"{""straightlining"": {""irv"": {""attitude_scale"": 2.6875}}, ""logical_contradiction"": {}, ""mahalanobis_outlier"": {""distance"": 6.977201208511595}}"
3.0,1.0,4.0,3.0,5.0,1.0,3.0,2.0,4.0,1.0,100.0,False,,,False,False,False,2.187423231203105,"{""straightlining"": {""irv"": {""attitude_scale"": 1.1875}}, ""logical_contradiction"": {}, ""mahalanobis_outlier"": {""distance"": 2.187423231203105}}"
2.0,4.0,4.0,4.0,3.0,3.0,2.0,3.0,2.0,4.0,100.0,False,Logical_Contradiction:EXT2/EXT3,,False,True,False,2.4163917209571903,"{""straightlining"": {""irv"": {""attitude_scale"": 0.75}}, ""logical_contradiction"": {}, ""mahalanobis_outlier"": {""distance"": 2.4163917209571903}}"
1.0,5.0,1.0,4.0,1.0,5.0,1.0,1.0,1.0,5.0,100.0,False,,,False,False,False,5.626533482983147,"{""straightlining"": {""irv"": {""attitude_scale"": 3.1875}}, ""logical_contradiction"": {}, ""mahalanobis_outlier"": {""distance"": 5.626533482983147}}"
3.0,2.0,5.0,2.0,5.0,1.0,2.0,2.0,3.0,1.0,100.0,False,,,False,False,False,2.2564521123804755,"{""straightlining"": {""irv"": {""attitude_scale"": 1.5}}, ""logical_contradiction"": {}, ""mahalanobis_outlier"": {""distance"": 2.2564521123804755}}"
2.0,4.0,3.0,4.0,3.0,4.0,1.0,5.0,1.0,5.0,100.0,False,,,False,False,False,1.020198691884052,"{""straightlining"": {""irv"": {""attitude_scale"": 0.6875}}, ""logical_contradiction"": {}, ""mahalanobis_outlier"": {""distance"": 1.020198691884052}}"
1.0,1.0,3.0,5.0,3.0,1.0,1.0,5.0,1.0,5.0,50.0,False,Mahalanobis_Outlier,,False,False,True,10.701361551234179,"{""straightlining"": {""irv"": {""attitude_scale"": 2.75}}, ""logical_contradiction"": {}, ""mahalanobis_outlier"": {""distance"": 10.701361551234179}}"
1.0,1.0,4.0,2.0,5.0,2.0,5.0,3.0,5.0,2.0,100.0,False,,,False,False,False,7.273945070560368,"{""straightlining"": {""irv"": {""attitude_scale"": 1.5}}, ""logical_contradiction"": {}, ""mahalanobis_outlier"": {""distance"": 7.273945070560368}}"
3.0,2.0,4.0,2.0,4.0,1.0,4.0,4.0,2.0,4.0,100.0,False,,,False,False,False,0.9610171566112005,"{""straightlining"": {""irv"": {""attitude_scale"": 0.6875}}, ""logical_contradiction"": {}, ""mahalanobis_outlier"": {""distance"": 0.9610171566112005}}"
5.0,1.0,5.0,1.0,5.0,1.0,5.0,1.0,5.0,1.0,100.0,False,,,False,False,False,4.418700891064336,"{""straightlining"": {""irv"": {""attitude_scale"": 4.0}}, ""logical_contradiction"": {}, ""mahalanobis_outlier"": {""distance"": 4.418700891064336}}"
4.0,4.0,4.0,4.0,3.0,2.0,4.0,5.0,4.0,2.0,50.0,False,Straightlining_Error:attitude_scale;Logical_Contradiction:EXT2/EXT3,,True,True,False,5.0773841763197956,"{""straightlining"": {""irv"": {""attitude_scale"": 0.0}}, ""logical_contradiction"": {}, ""mahalanobis_outlier"": {""distance"": 5.0773841763197956}}"
4.0,2.0,5.0,3.0,4.0,4.0,3.0,4.0,4.0,3.0,100.0,False,,,False,False,False,2.8243036967870774,"{""straightlining"": {""irv"": {""attitude_scale"": 1.25}}, ""logical_contradiction"": {}, ""mahalanobis_outlier"": {""distance"": 2.8243036967870774}}"
3.0,1.0,3.0,2.0,3.0,2.0,4.0,3.0,3.0,2.0,100.0,False,,,False,False,False,2.9783961373992183,"{""straightlining"": {""irv"": {""attitude_scale"": 0.6875}}, ""logical_contradiction"": {}, ""mahalanobis_outlier"": {""distance"": 2.9783961373992183}}"
4.0,2.0,5.0,3.0,4.0,2.0,5.0,2.0,3.0,4.0,100.0,False,,,False,False,False,2.8243036967870774,"{""straightlining"": {""irv"": {""attitude_scale"": 1.25}}, ""logical_contradiction"": {}, ""mahalanobis_outlier"": {""distance"": 2.8243036967870774}}"
3.0,4.0,3.0,1.0,4.0,2.0,3.0,5.0,2.0,2.0,100.0,False,,,False,False,False,9.719068831689972,"{""straightlining"": {""irv"": {""attitude_scale"": 1.1875}}, ""logical_contradiction"": {}, ""mahalanobis_outlier"": {""distance"": 9.719068831689972}}"
4.0,2.0,4.0,2.0,4.0,2.0,5.0,3.0,5.0,3.0,100.0,False,,,False,False,False,1.3898585230130152,"{""straightlining"": {""irv"": {""attitude_scale"": 1.0}}, ""logical_contradiction"": {}, ""mahalanobis_outlier"": {""distance"": 1.3898585230130152}}"
5.0,2.0,4.0,3.0,4.0,2.0,4.0,1.0,2.0,4.0,100.0,False,,,False,False,False,4.598485655434229,"{""straightlining"": {""irv"": {""attitude_scale"": 1.25}}, ""logical_contradiction"": {}, ""mahalanobis_outlier"": {""distance"": 4.598485655434229}}"
1.0,4.0,3.0,2.0,2.0,5.0,1.0,5.0,2.0,4.0,100.0,False,,,False,False,False,7.493887364062852,"{""straightlining"": {""irv"": {""attitude_scale"": 1.25}}, ""logical_contradiction"": {}, ""mahalanobis_outlier"": {""distance"": 7.493887364062852}}"
3.0,1.0,3.0,3.0,5.0,3.0,1.0,4.0,2.0,1.0,100.0,False,,,False,False,False,2.8879225604545495,"{""straightlining"": {""irv"": {""attitude_scale"": 0.75}}, ""logical_contradiction"": {}, ""mahalanobis_outlier"": {""distance"": 2.8879225604545495}}"
1.0,3.0,2.0,4.0,2.0,1.0,2.0,5.0,2.0,5.0,100.0,False,,,False,False,False,2.517244455058839,"{""straightlining"": {""irv"": {""attitude_scale"": 1.25}}, ""logical_contradiction"": {}, ""mahalanobis_outlier"": {""distance"": 2.517244455058839}}"
1.0,3.0,4.0,3.0,4.0,3.0,3.0,5.0,1.0,2.0,100.0,False,,,False,False,False,3.607945949933225,"{""straightlining"": {""irv"": {""attitude_scale"": 1.1875}}, ""logical_contradiction"": {}, ""mahalanobis_outlier"": {""distance"": 3.607945949933225}}"
1.0,5.0,5.0,5.0,1.0,5.0,1.0,5.0,1.0,5.0,50.0,False,Logical_Contradiction:EXT2/EXT3;Mahalanobis_Outlier,,False,True,True,11.7370735357629,"{""straightlining"": {""irv"": {""attitude_scale"": 3.0}}, ""logical_contradiction"": {}, ""mahalanobis_outlier"": {""distance"": 11.7370735357629}}"
1.0,3.0,3.0,2.0,2.0,2.0,4.0,4.0,2.0,3.0,100.0,False,,,False,False,False,5.677816917461862,"{""straightlining"": {""irv"": {""attitude_scale"": 0.6875}}, ""logical_contradiction"": {}, ""mahalanobis_outlier"": {""distance"": 5.677816917461862}}"
2.0,1.0,4.0,4.0,3.0,2.0,2.0,3.0,3.0,4.0,100.0,False,,,False,False,False,5.469981653174104,"{""straightlining"": {""irv"": {""attitude_scale"": 1.6875}}, ""logical_contradiction"": {}, ""mahalanobis_outlier"": {""distance"": 5.469981653174104}}"
1.0,3.0,3.0,4.0,2.0,1.0,1.0,4.0,2.0,5.0,100.0,False,,,False,False,False,1.960444165220978,"{""straightlining"": {""irv"": {""attitude_scale"": 1.1875}}, ""logical_contradiction"": {}, ""mahalanobis_outlier"": {""distance"": 1.960444165220978}}"
3.0,2.0,2.0,2.0,4.0,2.0,3.0,2.0,4.0,4.0,100.0,False,Logical_Contradiction:EXT2/EXT3,,False,True,False,4.512205452999493,"{""straightlining"": {""irv"": {""attitude_scale"": 0.1875}}, ""logical_contradiction"": {}, ""mahalanobis_outlier"": {""distance"": 4.512205452999493}}"
5.0,1.0,5.0,1.0,4.0,1.0,5.0,1.0,5.0,1.0,100.0,False,,,False,False,False,4.418700891064336,"{""straightlining"": {""irv"": {""attitude_scale"": 4.0}}, ""logical_contradiction"": {}, ""mahalanobis_outlier"": {""distance"": 4.418700891064336}}"
1.0,4.0,2.0,4.0,3.0,2.0,2.0,4.0,2.0,4.0,100.0,False,,,False,False,False,2.259781171789173,"{""straightlining"": {""irv"": {""attitude_scale"": 1.6875}}, ""logical_contradiction"": {}, ""mahalanobis_outlier"": {""distance"": 2.259781171789173}}"
3.0,2.0,3.0,3.0,4.0,3.0,3.0,4.0,2.0,2.0,100.0,False,,,False,False,False,0.7807859439680509,"{""straightlining"": {""irv"": {""attitude_scale"": 0.1875}}, ""logical_contradiction"": {}, ""mahalanobis_outlier"": {""distance"": 0.7807859439680509}}"
4.0,2.0,5.0,1.0,5.0,1.0,5.0,3.0,4.0,1.0,100.0,False,,,False,False,False,4.097470007586322,"{""straightlining"": {""irv"": {""attitude_scale"": 2.5}}, ""logical_contradiction"": {}, ""mahalanobis_outlier"": {""distance"": 4.097470007586322}}"
1.0,3.0,4.0,4.0,3.0,3.0,2.0,4.0,2.0,3.0,100.0,False,,,False,False,False,3.4509966113587316,"{""straightlining"": {""irv"": {""attitude_scale"": 1.5}}, ""logical_contradiction"": {}, ""mahalanobis_outlier"": {""distance"": 3.4509966113587316}}"
3.0,1.0,3.0,3.0,4.0,2.0,3.0,3.0,3.0,3.0,100.0,False,,,False,False,False,2.8879225604545495,"{""straightlining"": {""irv"": {""attitude_scale"": 0.75}}, ""logical_contradiction"": {}, ""mahalanobis_outlier"": {""distance"": 2.8879225604545495}}"
3.0,2.0,4.0,2.0,4.0,3.0,4.0,1.0,5.0,1.0,100.0,False,,,False,False,False,0.9610171566112005,"{""straightlining"": {""irv"": {""attitude_scale"": 0.6875}}, ""logical_contradiction"": {}, ""mahalanobis_outlier"": {""distance"": 0.9610171566112005}}"
2.0,1.0,3.0,5.0,4.0,4.0,2.0,5.0,1.0,1.0,100.0,False,,,False,False,False,9.52190766751141,"{""straightlining"": {""irv"": {""attitude_scale"": 2.1875}}, ""logical_contradiction"": {}, ""mahalanobis_outlier"": {""distance"": 9.52190766751141}}"
3.0,0.0,2.0,4.0,4.0,4.0,1.0,3.0,4.0,3.0,50.0,False,Logical_Contradiction:EXT2/EXT3;Mahalanobis_Outlier,,False,True,True,12.763394372005633,"{""straightlining"": {""irv"": {""attitude_scale"": 2.1875}}, ""logical_contradiction"": {}, ""mahalanobis_outlier"": {""distance"": 12.763394372005633}}"
3.0,5.0,4.0,4.0,2.0,4.0,1.0,3.0,5.0,5.0,100.0,False,Logical_Contradiction:EXT2/EXT3,,False,True,False,5.6268760316463675,"{""straightlining"": {""irv"": {""attitude_scale"": 0.5}}, ""logical_contradiction"": {}, ""mahalanobis_outlier"": {""distance"": 5.6268760316463675}}"
3.0,2.0,2.0,3.0,2.0,3.0,2.0,4.0,3.0,5.0,100.0,False,Logical_Contradiction:EXT2/EXT3,,False,True,False,3.1384551111340944,"{""straightlining"": {""irv"": {""attitude_scale"": 0.25}}, ""logical_contradiction"": {}, ""mahalanobis_outlier"": {""distance"": 3.1384551111340944}}"
5.0,2.0,4.0,2.0,4.0,1.0,2.0,1.0,5.0,3.0,100.0,False,,,False,False,False,3.7440356433716353,"{""straightlining"": {""irv"": {""attitude_scale"": 1.6875}}, ""logical_contradiction"": {}, ""mahalanobis_outlier"": {""distance"": 3.7440356433716353}}"
3.0,1.0,3.0,3.0,3.0,1.0,5.0,5.0,3.0,3.0,100.0,False,,,False,False,False,2.8879225604545495,"{""straightlining"": {""irv"": {""attitude_scale"": 0.75}}, ""logical_contradiction"": {}, ""mahalanobis_outlier"": {""distance"": 2.8879225604545495}}"
4.0,2.0,4.0,3.0,0.0,2.0,3.0,3.0,3.0,2.0,100.0,False,,,False,False,False,1.571809707127522,"{""straightlining"": {""irv"": {""attitude_scale"": 0.6875}}, ""logical_contradiction"": {}, ""mahalanobis_outlier"": {""distance"": 1.571809707127522}}"
3.0,2.0,4.0,4.0,4.0,3.0,3.0,2.0,5.0,4.0,100.0,False,,,False,False,False,2.50019324600412,"{""straightlining"": {""irv"": {""attitude_scale"": 0.6875}}, ""logical_contradiction"": {}, ""mahalanobis_outlier"": {""distance"": 2.50019324600412}}"
3.0,3.0,4.0,3.0,4.0,2.0,4.0,3.0,4.0,3.0,100.0,False,,,False,False,False,0.5539441591243308,"{""straightlining"": {""irv"": {""attitude_scale"": 0.1875}}, ""logical_contradiction"": {}, ""mahalanobis_outlier"": {""distance"": 0.5539441591243308}}"
3.0,5.0,3.0,4.0,4.0,4.0,3.0,5.0,4.0,5.0,100.0,False,,,False,False,False,4.325042419637845,"{""straightlining"": {""irv"": {""attitude_scale"": 0.6875}}, ""logical_contradiction"": {}, ""mahalanobis_outlier"": {""distance"": 4.325042419637845}}"
3.0,2.0,4.0,2.0,4.0,2.0,4.0,4.0,4.0,2.0,100.0,False,,,False,False,False,0.9610171566112005,"{""straightlining"": {""irv"": {""attitude_scale"": 0.6875}}, ""logical_contradiction"": {}, ""mahalanobis_outlier"": {""distance"": 0.9610171566112005}}"
2.0,3.0,2.0,4.0,2.0,1.0,1.0,5.0,1.0,4.0,100.0,False,,,False,False,False,1.6691591408753337,"{""straightlining"": {""irv"": {""attitude_scale"": 0.6875}}, ""logical_contradiction"": {}, ""mahalanobis_outlier"": {""distance"": 1.6691591408753337}}"
5.0,2.0,5.0,1.0,5.0,1.0,4.0,1.0,4.0,1.0,100.0,False,,,False,False,False,5.294605984871228,"{""straightlining"": {""irv"": {""attitude_scale"": 3.1875}}, ""logical_contradiction"": {}, ""mahalanobis_outlier"": {""distance"": 5.294605984871228}}"
4.0,5.0,4.0,3.0,2.0,5.0,2.0,3.0,2.0,4.0,100.0,False,Logical_Contradiction:EXT2/EXT3,,False,True,False,8.00250636402681,"{""straightlining"": {""irv"": {""attitude_scale"": 0.5}}, ""logical_contradiction"": {}, ""mahalanobis_outlier"": {""distance"": 8.00250636402681}}"
2.0,3.0,3.0,2.0,3.0,2.0,4.0,3.0,3.0,4.0,100.0,False,,,False,False,False,3.000191632256556,"{""straightlining"": {""irv"": {""attitude_scale"": 0.25}}, ""logical_contradiction"": {}, ""mahalanobis_outlier"": {""distance"": 3.000191632256556}}"
2.0,3.0,3.0,3.0,4.0,2.0,2.0,4.0,4.0,5.0,100.0,False,,,False,False,False,0.553868395554161,"{""straightlining"": {""irv"": {""attitude_scale"": 0.1875}}, ""logical_contradiction"": {}, ""mahalanobis_outlier"": {""distance"": 0.553868395554161}}"
5.0,3.0,3.0,0.0,4.0,4.0,1.0,3.0,4.0,3.0,50.0,False,Mahalanobis_Outlier,,False,False,True,14.937797937277978,"{""straightlining"": {""irv"": {""attitude_scale"": 3.1875}}, ""logical_contradiction"": {}, ""mahalanobis_outlier"": {""distance"": 14.937797937277978}}"
2.0,5.0,2.0,4.0,3.0,3.0,2.0,3.0,3.0,3.0,100.0,False,,,False,False,False,3.473986021469917,"{""straightlining"": {""irv"": {""attitude_scale"": 1.6875}}, ""logical_contradiction"": {}, ""mahalanobis_outlier"": {""distance"": 3.473986021469917}}"
3.0,3.0,1.0,4.0,4.0,2.0,2.0,4.0,4.0,3.0,100.0,False,,,False,False,False,6.319647236713366,"{""straightlining"": {""irv"": {""attitude_scale"": 1.1875}}, ""logical_contradiction"": {}, ""mahalanobis_outlier"": {""distance"": 6.319647236713366}}"
1.0,3.0,3.0,3.0,4.0,2.0,2.0,4.0,4.0,4.0,100.0,False,,,False,False,False,2.558994852811381,"{""straightlining"": {""irv"": {""attitude_scale"": 0.75}}, ""logical_contradiction"": {}, ""mahalanobis_outlier"": {""distance"": 2.558994852811381}}"
3.0,5.0,3.0,3.0,2.0,4.0,2.0,3.0,1.0,5.0,100.0,False,,,False,False,False,5.26194628314172,"{""straightlining"": {""irv"": {""attitude_scale"": 0.75}}, ""logical_contradiction"": {}, ""mahalanobis_outlier"": {""distance"": 5.26194628314172}}"
2.0,4.0,1.0,4.0,2.0,4.0,1.0,4.0,2.0,5.0,100.0,False,,,False,False,False,4.369870841664617,"{""straightlining"": {""irv"": {""attitude_scale"": 1.6875}}, ""logical_contradiction"": {}, ""mahalanobis_outlier"": {""distance"": 4.369870841664617}}"
3.0,4.0,5.0,3.0,0.0,4.0,3.0,5.0,4.0,1.0,100.0,False,Logical_Contradiction:EXT2/EXT3,,False,True,False,4.955249271150447,"{""straightlining"": {""irv"": {""attitude_scale"": 0.6875}}, ""logical_contradiction"": {}, ""mahalanobis_outlier"": {""distance"": 4.955249271150447}}"
3.0,2.0,3.0,3.0,3.0,2.0,3.0,3.0,3.0,3.0,100.0,False,,,False,False,False,0.7807859439680509,"{""straightlining"": {""irv"": {""attitude_scale"": 0.1875}}, ""logical_contradiction"": {}, ""mahalanobis_outlier"": {""distance"": 0.7807859439680509}}"
2.0,1.0,4.0,5.0,4.0,5.0,2.0,5.0,2.0,5.0,50.0,False,Mahalanobis_Outlier,,False,False,True,10.189153351417414,"{""straightlining"": {""irv"": {""attitude_scale"": 2.5}}, ""logical_contradiction"": {}, ""mahalanobis_outlier"": {""distance"": 10.189153351417414}}"
4.0,3.0,3.0,3.0,2.0,1.0,3.0,1.0,4.0,3.0,100.0,False,,,False,False,False,2.319622742910135,"{""straightlining"": {""irv"": {""attitude_scale"": 0.1875}}, ""logical_contradiction"": {}, ""mahalanobis_outlier"": {""distance"": 2.319622742910135}}"
1.0,3.0,2.0,3.0,4.0,2.0,1.0,5.0,1.0,4.0,100.0,False,,,False,False,False,3.5573964916651506,"{""straightlining"": {""irv"": {""attitude_scale"": 0.6875}}, ""logical_contradiction"": {}, ""mahalanobis_outlier"": {""distance"": 3.5573964916651506}}"
1.0,1.0,5.0,4.0,2.0,2.0,1.0,5.0,1.0,4.0,50.0,False,Mahalanobis_Outlier,,False,False,True,10.564016065961926,"{""straightlining"": {""irv"": {""attitude_scale"": 3.1875}}, ""logical_contradiction"": {}, ""mahalanobis_outlier"": {""distance"": 10.564016065961926}}"
3.0,2.0,4.0,2.0,3.0,1.0,3.0,3.0,2.0,3.0,100.0,False,,,False,False,False,0.9610171566112005,"{""straightlining"": {""irv"": {""attitude_scale"": 0.6875}}, ""logical_contradiction"": {}, ""mahalanobis_outlier"": {""distance"": 0.9610171566112005}}"
4.0,3.0,4.0,4.0,3.0,2.0,4.0,4.0,2.0,5.0,100.0,False,,,False,False,False,3.7754940399248538,"{""straightlining"": {""irv"": {""attitude_scale"": 0.1875}}, ""logical_contradiction"": {}, ""mahalanobis_outlier"": {""distance"": 3.7754940399248538}}"
1.0,5.0,2.0,4.0,2.0,4.0,3.0,5.0,1.0,5.0,100.0,False,,,False,False,False,3.8027462532917027,"{""straightlining"": {""irv"": {""attitude_scale"": 2.5}}, ""logical_contradiction"": {}, ""mahalanobis_outlier"": {""distance"": 3.8027462532917027}}"
4.0,1.0,4.0,2.0,4.0,1.0,3.0,2.0,4.0,3.0,100.0,False,,,False,False,False,2.00547428435282,"{""straightlining"": {""irv"": {""attitude_scale"": 1.6875}}, ""logical_contradiction"": {}, ""mahalanobis_outlier"": {""distance"": 2.00547428435282}}"
4.0,3.0,4.0,1.0,4.0,3.0,5.0,2.0,2.0,2.0,100.0,False,,,False,False,False,5.754666735295796,"{""straightlining"": {""irv"": {""attitude_scale"": 1.5}}, ""logical_contradiction"": {}, ""mahalanobis_outlier"": {""distance"": 5.754666735295796}}"
3.0,3.0,3.0,3.0,4.0,2.0,3.0,3.0,3.0,3.0,50.0,False,Straightlining_Error:attitude_scale,,True,False,False,0.47407769225374574,"{""straightlining"": {""irv"": {""attitude_scale"": 0.0}}, ""logical_contradiction"": {}, ""mahalanobis_outlier"": {""distance"": 0.47407769225374574}}"
3.0,3.0,4.0,3.0,5.0,3.0,4.0,5.0,4.0,3.0,100.0,False,,,False,False,False,0.5539441591243308,"{""straightlining"": {""irv"": {""attitude_scale"": 0.1875}}, ""logical_contradiction"": {}, ""mahalanobis_outlier"": {""distance"": 0.5539441591243308}}"
3.0,4.0,5.0,3.0,4.0,3.0,3.0,3.0,3.0,1.0,100.0,False,Logical_Contradiction:EXT2/EXT3,,False,True,False,4.955249271150447,"{""straightlining"": {""irv"": {""attitude_scale"": 0.6875}}, ""logical_contradiction"": {}, ""mahalanobis_outlier"": {""distance"": 4.955249271150447}}"
3.0,1.0,4.0,1.0,4.0,2.0,4.0,3.0,3.0,3.0,100.0,False,,,False,False,False,4.005439064120701,"{""straightlining"": {""irv"": {""attitude_scale"": 1.6875}}, ""logical_contradiction"": {}, ""mahalanobis_outlier"": {""distance"": 4.005439064120701}}"
1.0,4.0,5.0,4.0,2.0,3.0,2.0,4.0,2.0,5.0,100.0,False,Logical_Contradiction:EXT2/EXT3,,False,True,False,7.9019872043854775,"{""straightlining"": {""irv"": {""attitude_scale"": 2.25}}, ""logical_contradiction"": {}, ""mahalanobis_outlier"": {""distance"": 7.9019872043854775}}"
3.0,2.0,5.0,3.0,4.0,2.0,2.0,4.0,3.0,5.0,100.0,False,,,False,False,False,2.207505817562806,"{""straightlining"": {""irv"": {""attitude_scale"": 1.1875}}, ""logical_contradiction"": {}, ""mahalanobis_outlier"": {""distance"": 2.207505817562806}}"
3.0,3.0,3.0,4.0,3.0,3.0,3.0,3.0,3.0,3.0,100.0,False,,,False,False,False,1.220524660559514,"{""straightlining"": {""irv"": {""attitude_scale"": 0.1875}}, ""logical_contradiction"": {}, ""mahalanobis_outlier"": {""distance"": 1.220524660559514}}"
3.0,3.0,4.0,1.0,4.0,2.0,3.0,3.0,3.0,4.0,100.0,False,,,False,False,False,5.7386616556612084,"{""straightlining"": {""irv"": {""attitude_scale"": 1.1875}}, ""logical_contradiction"": {}, ""mahalanobis_outlier"": {""distance"": 5.7386616556612084}}"
3.0,5.0,2.0,4.0,2.0,3.0,1.0,2.0,4.0,4.0,100.0,False,,,False,False,False,5.070561543604934,"{""straightlining"": {""irv"": {""attitude_scale"": 1.25}}, ""logical_contradiction"": {}, ""mahalanobis_outlier"": {""distance"": 5.070561543604934}}"
3.0,5.0,1.0,5.0,1.0,1.0,1.0,5.0,2.0,5.0,100.0,False,,,False,False,False,8.563598219072023,"{""straightlining"": {""irv"": {""attitude_scale"": 2.75}}, ""logical_contradiction"": {}, ""mahalanobis_outlier"": {""distance"": 8.563598219072023}}"
1.0,3.0,3.0,3.0,1.0,3.0,1.0,5.0,3.0,4.0,100.0,False,,,False,False,False,2.558994852811381,"{""straightlining"": {""irv"": {""attitude_scale"": 0.75}}, ""logical_contradiction"": {}, ""mahalanobis_outlier"": {""distance"": 2.558994852811381}}"
4.0,2.0,4.0,2.0,3.0,2.0,5.0,3.0,3.0,2.0,100.0,False,,,False,False,False,1.3898585230130152,"{""straightlining"": {""irv"": {""attitude_scale"": 1.0}}, ""logical_contradiction"": {}, ""mahalanobis_outlier"": {""distance"": 1.3898585230130152}}"
2.0,3.0,1.0,3.0,3.0,2.0,1.0,4.0,1.0,4.0,100.0,False,,,False,False,False,5.567109039488574,"{""straightlining"": {""irv"": {""attitude_scale"": 0.6875}}, ""logical_contradiction"": {}, ""mahalanobis_outlier"": {""distance"": 5.567109039488574}}"
2.0,4.0,2.0,3.0,2.0,4.0,1.0,2.0,3.0,4.0,100.0,False,,,False,False,False,2.8806870233495756,"{""straightlining"": {""irv"": {""attitude_scale"": 0.6875}}, ""logical_contradiction"": {}, ""mahalanobis_outlier"": {""distance"": 2.8806870233495756}}"
3.0,4.0,2.0,4.0,2.0,4.0,2.0,3.0,2.0,4.0,100.0,False,,,False,False,False,3.0082713797406875,"{""straightlining"": {""irv"": {""attitude_scale"": 0.6875}}, ""logical_contradiction"": {}, ""mahalanobis_outlier"": {""distance"": 3.0082713797406875}}"
2.0,4.0,3.0,3.0,2.0,4.0,2.0,3.0,3.0,4.0,100.0,False,,,False,False,False,1.7879259674311903,"{""straightlining"": {""irv"": {""attitude_scale"": 0.5}}, ""logical_contradiction"": {}, ""mahalanobis_outlier"": {""distance"": 1.7879259674311903}}"
3.0,2.0,4.0,3.0,5.0,2.0,1.0,3.0,4.0,2.0,100.0,False,,,False,False,False,0.4704695127776213,"{""straightlining"": {""irv"": {""attitude_scale"": 0.5}}, ""logical_contradiction"": {}, ""mahalanobis_outlier"": {""distance"": 0.4704695127776213}}"
2.0,3.0,3.0,3.0,3.0,2.0,2.0,3.0,4.0,5.0,100.0,False,,,False,False,False,0.553868395554161,"{""straightlining"": {""irv"": {""attitude_scale"": 0.1875}}, ""logical_contradiction"": {}, ""mahalanobis_outlier"": {""distance"": 0.553868395554161}}"
2.0,2.0,4.0,4.0,3.0,1.0,1.0,3.0,1.0,5.0,100.0,False,,,False,False,False,2.651689977662939,"{""straightlining"": {""irv"": {""attitude_scale"": 1.0}}, ""logical_contradiction"": {}, ""mahalanobis_outlier"": {""distance"": 2.651689977662939}}"
2.0,4.0,3.0,4.0,2.0,5.0,2.0,5.0,1.0,4.0,100.0,False,,,False,False,False,1.020198691884052,"{""straightlining"": {""irv"": {""attitude_scale"": 0.6875}}, ""logical_contradiction"": {}, ""mahalanobis_outlier"": {""distance"": 1.020198691884052}}"
3.0,2.0,5.0,2.0,4.0,2.0,4.0,3.0,5.0,2.0,100.0,False,,,False,False,False,2.2564521123804755,"{""straightlining"": {""irv"": {""attitude_scale"": 1.5}}, ""logical_contradiction"": {}, ""mahalanobis_outlier"": {""distance"": 2.2564521123804755}}"
1.0,2.0,2.0,4.0,2.0,2.0,1.0,4.0,2.0,5.0,100.0,False,Logical_Contradiction:EXT2/EXT3,,False,True,False,4.575136103100697,"{""straightlining"": {""irv"": {""attitude_scale"": 1.1875}}, ""logical_contradiction"": {}, ""mahalanobis_outlier"": {""distance"": 4.575136103100697}}"
3.0,2.0,4.0,3.0,4.0,3.0,4.0,2.0,4.0,4.0,100.0,False,,,False,False,False,0.4704695127776213,"{""straightlining"": {""irv"": {""attitude_scale"": 0.5}}, ""logical_contradiction"": {}, ""mahalanobis_outlier"": {""distance"": 0.4704695127776213}}"
3.0,2.0,3.0,3.0,2.0,3.0,4.0,5.0,3.0,0.0,100.0,False,,,False,False,False,0.7807859439680509,"{""straightlining"": {""irv"": {""attitude_scale"": 0.1875}}, ""logical_contradiction"": {}, ""mahalanobis_outlier"": {""distance"": 0.7807859439680509}}"
1.0,4.0,2.0,4.0,3.0,4.0,1.0,4.0,2.0,4.0,100.0,False,,,False,False,False,2.259781171789173,"{""straightlining"": {""irv"": {""attitude_scale"": 1.6875}}, ""logical_contradiction"": {}, ""mahalanobis_outlier"": {""distance"": 2.259781171789173}}"
4.0,1.0,4.0,1.0,5.0,1.0,5.0,2.0,5.0,2.0,100.0,False,,,False,False,False,3.5021190613935698,"{""straightlining"": {""irv"": {""attitude_scale"": 2.25}}, ""logical_contradiction"": {}, ""mahalanobis_outlier"": {""distance"": 3.5021190613935698}}"
3.0,3.0,3.0,4.0,3.0,2.0,2.0,3.0,3.0,4.0,100.0,False,,,False,False,False,1.220524660559514,"{""straightlining"": {""irv"": {""attitude_scale"": 0.1875}}, ""logical_contradiction"": {}, ""mahalanobis_outlier"": {""distance"": 1.220524660559514}}"
1.0,5.0,2.0,5.0,2.0,5.0,1.0,4.0,1.0,5.0,100.0,False,,,False,False,False,3.599514761935826,"{""straightlining"": {""irv"": {""attitude_scale"": 3.1875}}, ""logical_contradiction"": {}, ""mahalanobis_outlier"": {""distance"": 3.599514761935826}}"
1.0,3.0,2.0,5.0,2.0,2.0,1.0,5.0,1.0,4.0,100.0,False,,,False,False,False,3.9973637955126042,"{""straightlining"": {""irv"": {""attitude_scale"": 2.1875}}, ""logical_contradiction"": {}, ""mahalanobis_outlier"": {""distance"": 3.9973637955126042}}"
3.0,3.0,3.0,3.0,1.0,2.0,4.0,5.0,1.0,4.0,50.0,False,Straightlining_Error:attitude_scale,,True,False,False,0.47407769225374574,"{""straightlining"": {""irv"": {""attitude_scale"": 0.0}}, ""logical_contradiction"": {}, ""mahalanobis_outlier"": {""distance"": 0.47407769225374574}}"
4.0,3.0,5.0,1.0,4.0,2.0,2.0,2.0,5.0,2.0,100.0,False,,,False,False,False,6.514140924984548,"{""straightlining"": {""irv"": {""attitude_scale"": 2.1875}}, ""logical_contradiction"": {}, ""mahalanobis_outlier"": {""distance"": 6.514140924984548}}"
2.0,3.0,3.0,3.0,0.0,3.0,1.0,5.0,1.0,2.0,100.0,False,,,False,False,False,0.553868395554161,"{""straightlining"": {""irv"": {""attitude_scale"": 0.1875}}, ""logical_contradiction"": {}, ""mahalanobis_outlier"": {""distance"": 0.553868395554161}}"
3.0,3.0,4.0,3.0,3.0,2.0,4.0,4.0,2.0,4.0,100.0,False,,,False,False,False,0.5539441591243308,"{""straightlining"": {""irv"": {""attitude_scale"": 0.1875}}, ""logical_contradiction"": {}, ""mahalanobis_outlier"": {""distance"": 0.5539441591243308}}"
1.0,3.0,2.0,4.0,2.0,2.0,1.0,3.0,4.0,5.0,100.0,False,,,False,False,False,2.517244455058839,"{""straightlining"": {""irv"": {""attitude_scale"": 1.25}}, ""logical_contradiction"": {}, ""mahalanobis_outlier"": {""distance"": 2.517244455058839}}"
4.0,1.0,4.0,3.0,4.0,1.0,3.0,3.0,4.0,3.0,100.0,False,,,False,False,False,3.0291008843721468,"{""straightlining"": {""irv"": {""attitude_scale"": 1.5}}, ""logical_contradiction"": {}, ""mahalanobis_outlier"": {""distance"": 3.0291008843721468}}"
4.0,2.0,3.0,3.0,3.0,3.0,2.0,3.0,4.0,3.0,100.0,False,,,False,False,False,2.366668453443581,"{""straightlining"": {""irv"": {""attitude_scale"": 0.5}}, ""logical_contradiction"": {}, ""mahalanobis_outlier"": {""distance"": 2.366668453443581}}"
3.0,4.0,5.0,4.0,3.0,3.0,4.0,4.0,5.0,5.0,100.0,False,Logical_Contradiction:EXT2/EXT3,,False,True,False,5.743223521583213,"{""straightlining"": {""irv"": {""attitude_scale"": 0.5}}, ""logical_contradiction"": {}, ""mahalanobis_outlier"": {""distance"": 5.743223521583213}}"
1.0,5.0,2.0,5.0,1.0,4.0,1.0,5.0,3.0,5.0,100.0,False,,,False,False,False,3.599514761935826,"{""straightlining"": {""irv"": {""attitude_scale"": 3.1875}}, ""logical_contradiction"": {}, ""mahalanobis_outlier"": {""distance"": 3.599514761935826}}"
2.0,4.0,2.0,4.0,2.0,5.0,2.0,5.0,2.0,5.0,100.0,False,,,False,False,False,1.6713583987865275,"{""straightlining"": {""irv"": {""attitude_scale"": 1.0}}, ""logical_contradiction"": {}, ""mahalanobis_outlier"": {""distance"": 1.6713583987865275}}"
1.0,3.0,2.0,2.0,5.0,2.0,4.0,3.0,3.0,3.0,100.0,False,,,False,False,False,7.117819905331542,"{""straightlining"": {""irv"": {""attitude_scale"": 0.5}}, ""logical_contradiction"": {}, ""mahalanobis_outlier"": {""distance"": 7.117819905331542}}"
1.0,3.0,4.0,4.0,3.0,2.0,2.0,4.0,2.0,5.0,100.0,False,,,False,False,False,3.4509966113587316,"{""straightlining"": {""irv"": {""attitude_scale"": 1.5}}, ""logical_contradiction"": {}, ""mahalanobis_outlier"": {""distance"": 3.4509966113587316}}"
1.0,4.0,1.0,4.0,2.0,1.0,1.0,5.0,1.0,5.0,100.0,False,,,False,False,False,4.473751299541632,"{""straightlining"": {""irv"": {""attitude_scale"": 2.25}}, ""logical_contradiction"": {}, ""mahalanobis_outlier"": {""distance"": 4.473751299541632}}"
3.0,2.0,3.0,3.0,3.0,3.0,2.0,4.0,2.0,3.0,100.0,False,,,False,False,False,0.7807859439680509,"{""straightlining"": {""irv"": {""attitude_scale"": 0.1875}}, ""logical_contradiction"": {}, ""mahalanobis_outlier"": {""distance"": 0.7807859439680509}}"
2.0,4.0,3.0,4.0,3.0,2.0,1.0,4.0,4.0,5.0,100.0,False,,,False,False,False,1.020198691884052,"{""straightlining"": {""irv"": {""attitude_scale"": 0.6875}}, ""logical_contradiction"": {}, ""mahalanobis_outlier"": {""distance"": 1.020198691884052}}"
2.0,4.0,4.0,4.0,4.0,2.0,3.0,4.0,2.0,4.0,100.0,False,Logical_Contradiction:EXT2/EXT3,,False,True,False,2.4163917209571903,"{""straightlining"": {""irv"": {""attitude_scale"": 0.75}}, ""logical_contradiction"": {}, ""mahalanobis_outlier"": {""distance"": 2.4163917209571903}}"
1.0,5.0,3.0,5.0,1.0,5.0,1.0,5.0,1.0,5.0,100.0,False,,,False,False,False,4.2646816172359046,"{""straightlining"": {""irv"": {""attitude_scale"": 2.75}}, ""logical_contradiction"": {}, ""mahalanobis_outlier"": {""distance"": 4.2646816172359046}}"
1.0,5.0,1.0,5.0,1.0,5.0,1.0,5.0,1.0,5.0,100.0,False,,,False,False,False,4.9817006426113615,"{""straightlining"": {""irv"": {""attitude_scale"": 4.0}}, ""logical_contradiction"": {}, ""mahalanobis_outlier"": {""distance"": 4.9817006426113615}}"
4.0,3.0,5.0,1.0,4.0,1.0,4.0,3.0,4.0,2.0,100.0,False,,,False,False,False,6.514140924984548,"{""straightlining"": {""irv"": {""attitude_scale"": 2.1875}}, ""logical_contradiction"": {}, ""mahalanobis_outlier"": {""distance"": 6.514140924984548}}"
3.0,2.0,4.0,5.0,4.0,2.0,3.0,3.0,3.0,3.0,100.0,False,,,False,False,False,7.050188356290697,"{""straightlining"": {""irv"": {""attitude_scale"": 1.25}}, ""logical_contradiction"": {}, ""mahalanobis_outlier"": {""distance"": 7.050188356290697}}"
3.0,2.0,4.0,2.0,4.0,1.0,5.0,5.0,3.0,3.0,100.0,False,,,False,False,False,0.9610171566112005,"{""straightlining"": {""irv"": {""attitude_scale"": 0.6875}}, ""logical_contradiction"": {}, ""mahalanobis_outlier"": {""distance"": 0.9610171566112005}}"
4.0,1.0,4.0,2.0,4.0,1.0,4.0,4.0,2.0,3.0,100.0,False,,,False,False,False,2.00547428435282,"{""straightlining"": {""irv"": {""attitude_scale"": 1.6875}}, ""logical_contradiction"": {}, ""mahalanobis_outlier"": {""distance"": 2.00547428435282}}"
2.0,3.0,3.0,3.0,3.0,2.0,3.0,3.0,4.0,3.0,100.0,False,,,False,False,False,0.553868395554161,"{""straightlining"": {""irv"": {""attitude_scale"": 0.1875}}, ""logical_contradiction"": {}, ""mahalanobis_outlier"": {""distance"": 0.553868395554161}}"
4.0,1.0,4.0,1.0,4.0,2.0,4.0,2.0,4.0,2.0,100.0,False,,,False,False,False,3.5021190613935698,"{""straightlining"": {""irv"": {""attitude_scale"": 2.25}}, ""logical_contradiction"": {}, ""mahalanobis_outlier"": {""distance"": 3.5021190613935698}}"
3.0,3.0,4.0,2.0,4.0,4.0,4.0,2.0,4.0,3.0,100.0,False,,,False,False,False,1.8861672188627305,"{""straightlining"": {""irv"": {""attitude_scale"": 0.5}}, ""logical_contradiction"": {}, ""mahalanobis_outlier"": {""distance"": 1.8861672188627305}}"
4.0,1.0,4.0,1.0,4.0,1.0,2.0,2.0,5.0,4.0,100.0,False,,,False,False,False,3.5021190613935698,"{""straightlining"": {""irv"": {""attitude_scale"": 2.25}}, ""logical_contradiction"": {}, ""mahalanobis_outlier"": {""distance"": 3.5021190613935698}}"
1.0,3.0,2.0,3.0,3.0,5.0,1.0,4.0,2.0,5.0,100.0,False,,,False,False,False,3.5573964916651506,"{""straightlining"": {""irv"": {""attitude_scale"": 0.6875}}, ""logical_contradiction"": {}, ""mahalanobis_outlier"": {""distance"": 3.5573964916651506}}"
4.0,2.0,4.0,4.0,5.0,1.0,5.0,4.0,4.0,3.0,100.0,False,,,False,False,False,4.274032268302106,"{""straightlining"": {""irv"": {""attitude_scale"": 0.75}}, ""logical_contradiction"": {}, ""mahalanobis_outlier"": {""distance"": 4.274032268302106}}"
1.0,5.0,4.0,5.0,3.0,5.0,1.0,5.0,2.0,5.0,100.0,False,Logical_Contradiction:EXT2/EXT3,,False,True,False,6.977201208511595,"{""straightlining"": {""irv"": {""attitude_scale"": 2.6875}}, ""logical_contradiction"": {}, ""mahalanobis_outlier"": {""distance"": 6.977201208511595}}"
5.0,1.0,5.0,1.0,5.0,1.0,5.0,1.0,5.0,1.0,100.0,False,,,False,False,False,4.418700891064336,"{""straightlining"": {""irv"": {""attitude_scale"": 4.0}}, ""logical_contradiction"": {}, ""mahalanobis_outlier"": {""distance"": 4.418700891064336}}"
3.0,2.0,2.0,4.0,2.0,2.0,4.0,2.0,4.0,5.0,100.0,False,Logical_Contradiction:EXT2/EXT3,,False,True,False,4.284976146328774,"{""straightlining"": {""irv"": {""attitude_scale"": 0.6875}}, ""logical_contradiction"": {}, ""mahalanobis_outlier"": {""distance"": 4.284976146328774}}"
2.0,2.0,4.0,4.0,4.0,3.0,4.0,5.0,4.0,4.0,100.0,False,,,False,False,False,2.651689977662939,"{""straightlining"": {""irv"": {""attitude_scale"": 1.0}}, ""logical_contradiction"": {}, ""mahalanobis_outlier"": {""distance"": 2.651689977662939}}"
1.0,4.0,2.0,5.0,3.0,1.0,1.0,5.0,2.0,5.0,100.0,False,,,False,False,False,2.898225096338117,"{""straightlining"": {""irv"": {""attitude_scale"": 2.5}}, ""logical_contradiction"": {}, ""mahalanobis_outlier"": {""distance"": 2.898225096338117}}"
3.0,2.0,4.0,3.0,4.0,2.0,3.0,3.0,3.0,4.0,100.0,False,,,False,False,False,0.4704695127776213,"{""straightlining"": {""irv"": {""attitude_scale"": 0.5}}, ""logical_contradiction"": {}, ""mahalanobis_outlier"": {""distance"": 0.4704695127776213}}"
5.0,2.0,4.0,2.0,4.0,1.0,3.0,1.0,5.0,2.0,100.0,False,,,False,False,False,3.7440356433716353,"{""straightlining"": {""irv"": {""attitude_scale"": 1.6875}}, ""logical_contradiction"": {}, ""mahalanobis_outlier"": {""distance"": 3.7440356433716353}}"
1.0,3.0,5.0,5.0,3.0,5.0,1.0,5.0,1.0,5.0,100.0,False,,,False,False,False,9.793825180973592,"{""straightlining"": {""irv"": {""attitude_scale"": 2.75}}, ""logical_contradiction"": {}, ""mahalanobis_outlier"": {""distance"": 9.793825180973592}}"
4.0,2.0,4.0,2.0,3.0,2.0,4.0,3.0,4.0,3.0,100.0,False,,,False,False,False,1.3898585230130152,"{""straightlining"": {""irv"": {""attitude_scale"": 1.0}}, ""logical_contradiction"": {}, ""mahalanobis_outlier"": {""distance"": 1.3898585230130152}}"
4.0,1.0,5.0,2.0,5.0,1.0,3.0,2.0,4.0,1.0,100.0,False,,,False,False,False,2.426184026935451,"{""straightlining"": {""irv"": {""attitude_scale"": 2.5}}, ""logical_contradiction"": {}, ""mahalanobis_outlier"": {""distance"": 2.426184026935451}}"
3.0,2.0,5.0,1.0,4.0,1.0,2.0,2.0,5.0,4.0,100.0,False,,,False,False,False,4.825669784258223,"{""straightlining"": {""irv"": {""attitude_scale"": 2.1875}}, ""logical_contradiction"": {}, ""mahalanobis_outlier"": {""distance"": 4.825669784258223}}"
2.0,3.0,2.0,3.0,4.0,3.0,3.0,3.0,3.0,5.0,100.0,False,,,False,False,False,2.0368123495335606,"{""straightlining"": {""irv"": {""attitude_scale"": 0.25}}, ""logical_contradiction"": {}, ""mahalanobis_outlier"": {""distance"": 2.0368123495335606}}"
3.0,3.0,5.0,3.0,3.0,1.0,4.0,3.0,3.0,3.0,100.0,False,,,False,False,False,2.6811633619705297,"{""straightlining"": {""irv"": {""attitude_scale"": 0.75}}, ""logical_contradiction"": {}, ""mahalanobis_outlier"": {""distance"": 2.6811633619705297}}"
1.0,5.0,3.0,5.0,4.0,4.0,3.0,5.0,1.0,3.0,100.0,False,,,False,False,False,4.2646816172359046,"{""straightlining"": {""irv"": {""attitude_scale"": 2.75}}, ""logical_contradiction"": {}, ""mahalanobis_outlier"": {""distance"": 4.2646816172359046}}"
5.0,1.0,5.0,1.0,5.0,1.0,5.0,3.0,5.0,3.0,100.0,False,,,False,False,False,4.418700891064336,"{""straightlining"": {""irv"": {""attitude_scale"": 4.0}}, ""logical_contradiction"": {}, ""mahalanobis_outlier"": {""distance"": 4.418700891064336}}"
5.0,1.0,4.0,1.0,4.0,1.0,4.0,1.0,4.0,1.0,100.0,False,,,False,False,False,4.924134812623244,"{""straightlining"": {""irv"": {""attitude_scale"": 3.1875}}, ""logical_contradiction"": {}, ""mahalanobis_outlier"": {""distance"": 4.924134812623244}}"
4.0,1.0,5.0,2.0,4.0,2.0,4.0,2.0,5.0,2.0,100.0,False,,,False,False,False,2.426184026935451,"{""straightlining"": {""irv"": {""attitude_scale"": 2.5}}, ""logical_contradiction"": {}, ""mahalanobis_outlier"": {""distance"": 2.426184026935451}}"
2.0,3.0,2.0,4.0,2.0,4.0,2.0,4.0,1.0,5.0,100.0,False,,,False,False,False,1.6691591408753337,"{""straightlining"": {""irv"": {""attitude_scale"": 0.6875}}, ""logical_contradiction"": {}, ""mahalanobis_outlier"": {""distance"": 1.6691591408753337}}"
5.0,2.0,3.0,3.0,2.0,4.0,2.0,2.0,4.0,4.0,100.0,False,,,False,False,False,5.877886716875917,"{""straightlining"": {""irv"": {""attitude_scale"": 1.1875}}, ""logical_contradiction"": {}, ""mahalanobis_outlier"": {""distance"": 5.877886716875917}}"
2.0,2.0,3.0,4.0,5.0,2.0,4.0,1.0,2.0,4.0,100.0,False,,,False,False,False,2.035862744711829,"{""straightlining"": {""irv"": {""attitude_scale"": 0.6875}}, ""logical_contradiction"": {}, ""mahalanobis_outlier"": {""distance"": 2.035862744711829}}"
1.0,5.0,1.0,5.0,1.0,1.0,1.0,5.0,1.0,5.0,100.0,False,,,False,False,False,4.9817006426113615,"{""straightlining"": {""irv"": {""attitude_scale"": 4.0}}, ""logical_contradiction"": {}, ""mahalanobis_outlier"": {""distance"": 4.9817006426113615}}"
1.0,1.0,4.0,4.0,3.0,1.0,1.0,5.0,3.0,3.0,100.0,False,,,False,False,False,7.8064766799705865,"{""straightlining"": {""irv"": {""attitude_scale"": 2.25}}, ""logical_contradiction"": {}, ""mahalanobis_outlier"": {""distance"": 7.8064766799705865}}"
4.0,1.0,5.0,1.0,4.0,2.0,4.0,1.0,5.0,2.0,100.0,False,,,False,False,False,3.4812274549602917,"{""straightlining"": {""irv"": {""attitude_scale"": 3.1875}}, ""logical_contradiction"": {}, ""mahalanobis_outlier"": {""distance"": 3.4812274549602917}}"
2.0,3.0,3.0,4.0,3.0,3.0,3.0,5.0,1.0,5.0,100.0,False,,,False,False,False,0.6278165359118435,"{""straightlining"": {""irv"": {""attitude_scale"": 0.5}}, ""logical_contradiction"": {}, ""mahalanobis_outlier"": {""distance"": 0.6278165359118435}}"
2.0,5.0,2.0,4.0,4.0,4.0,4.0,5.0,1.0,5.0,100.0,False,,,False,False,False,3.473986021469917,"{""straightlining"": {""irv"": {""attitude_scale"": 1.6875}}, ""logical_contradiction"": {}, ""mahalanobis_outlier"": {""distance"": 3.473986021469917}}"
4.0,2.0,4.0,2.0,3.0,2.0,4.0,3.0,4.0,2.0,100.0,False,,,False,False,False,1.3898585230130152,"{""straightlining"": {""irv"": {""attitude_scale"": 1.0}}, ""logical_contradiction"": {}, ""mahalanobis_outlier"": {""distance"": 1.3898585230130152}}"
3.0,2.0,5.0,2.0,4.0,1.0,4.0,1.0,3.0,2.0,100.0,False,,,False,False,False,2.2564521123804755,"{""straightlining"": {""irv"": {""attitude_scale"": 1.5}}, ""logical_contradiction"": {}, ""mahalanobis_outlier"": {""distance"": 2.2564521123804755}}"
2.0,4.0,3.0,4.0,4.0,4.0,4.0,2.0,5.0,3.0,100.0,False,,,False,False,False,1.020198691884052,"{""straightlining"": {""irv"": {""attitude_scale"": 0.6875}}, ""logical_contradiction"": {}, ""mahalanobis_outlier"": {""distance"": 1.020198691884052}}"
1.0,4.0,3.0,3.0,1.0,5.0,2.0,5.0,2.0,4.0,100.0,False,,,False,False,False,3.5333898835075503,"{""straightlining"": {""irv"": {""attitude_scale"": 1.1875}}, ""logical_contradiction"": {}, ""mahalanobis_outlier"": {""distance"": 3.5333898835075503}}"
3.0,3.0,3.0,3.0,4.0,3.0,4.0,4.0,2.0,3.0,50.0,False,Straightlining_Error:attitude_scale,,True,False,False,0.47407769225374574,"{""straightlining"": {""irv"": {""attitude_scale"": 0.0}}, ""logical_contradiction"": {}, ""mahalanobis_outlier"": {""distance"": 0.47407769225374574}}"
3.0,1.0,5.0,4.0,5.0,1.0,4.0,4.0,4.0,1.0,100.0,False,,,False,False,False,6.847277136074505,"{""straightlining"": {""irv"": {""attitude_scale"": 2.1875}}, ""logical_contradiction"": {}, ""mahalanobis_outlier"": {""distance"": 6.847277136074505}}"
1.0,1.0,5.0,1.0,5.0,1.0,5.0,3.0,5.0,5.0,50.0,False,Mahalanobis_Outlier,,False,False,True,12.220821670388986,"{""straightlining"": {""irv"": {""attitude_scale"": 3.0}}, ""logical_contradiction"": {}, ""mahalanobis_outlier"": {""distance"": 12.220821670388986}}"
4.0,1.0,3.0,1.0,5.0,1.0,4.0,1.0,5.0,1.0,100.0,False,,,False,False,False,5.570363403802462,"{""straightlining"": {""irv"": {""attitude_scale"": 1.6875}}, ""logical_contradiction"": {}, ""mahalanobis_outlier"": {""distance"": 5.570363403802462}}"
2.0,3.0,2.0,4.0,2.0,2.0,1.0,5.0,2.0,5.0,100.0,False,,,False,False,False,1.6691591408753337,"{""straightlining"": {""irv"": {""attitude_scale"": 0.6875}}, ""logical_contradiction"": {}, ""mahalanobis_outlier"": {""distance"": 1.6691591408753337}}"
4.0,2.0,3.0,3.0,4.0,2.0,4.0,4.0,4.0,4.0,100.0,False,,,False,False,False,2.366668453443581,"{""straightlining"": {""irv"": {""attitude_scale"": 0.5}}, ""logical_contradiction"": {}, ""mahalanobis_outlier"": {""distance"": 2.366668453443581}}"
1.0,5.0,2.0,5.0,2.0,1.0,1.0,5.0,1.0,5.0,100.0,False,,,False,False,False,3.599514761935826,"{""straightlining"": {""irv"": {""attitude_scale"": 3.1875}}, ""logical_contradiction"": {}, ""mahalanobis_outlier"": {""distance"": 3.599514761935826}}"
1.0,1.0,5.0,1.0,3.0,1.0,1.0,3.0,3.0,3.0,50.0,False,Mahalanobis_Outlier,,False,False,True,12.220821670388986,"{""straightlining"": {""irv"": {""attitude_scale"": 3.0}}, ""logical_contradiction"": {}, ""mahalanobis_outlier"": {""distance"": 12.220821670388986}}"
3.0,3.0,5.0,1.0,3.0,3.0,3.0,5.0,2.0,2.0,100.0,False,,,False,False,False,6.982678160475588,"{""straightlining"": {""irv"": {""attitude_scale"": 2.0}}, ""logical_contradiction"": {}, ""mahalanobis_outlier"": {""distance"": 6.982678160475588}}"
2.0,4.0,2.0,4.0,2.0,4.0,2.0,2.0,2.0,4.0,100.0,False,,,False,False,False,1.6713583987865275,"{""straightlining"": {""irv"": {""attitude_scale"": 1.0}}, ""logical_contradiction"": {}, ""mahalanobis_outlier"": {""distance"": 1.6713583987865275}}"
5.0,1.0,5.0,1.0,4.0,1.0,4.0,1.0,5.0,2.0,100.0,False,,,False,False,False,4.418700891064336,"{""straightlining"": {""irv"": {""attitude_scale"": 4.0}}, ""logical_contradiction"": {}, ""mahalanobis_outlier"": {""distance"": 4.418700891064336}}"
3.0,3.0,2.0,3.0,3.0,3.0,1.0,4.0,2.0,3.0,100.0,False,,,False,False,False,2.4415639613587747,"{""straightlining"": {""irv"": {""attitude_scale"": 0.1875}}, ""logical_contradiction"": {}, ""mahalanobis_outlier"": {""distance"": 2.4415639613587747}}"
1.0,4.0,1.0,5.0,1.0,4.0,1.0,5.0,1.0,5.0,100.0,False,,,False,False,False,4.670593875074667,"{""straightlining"": {""irv"": {""attitude_scale"": 3.1875}}, ""logical_contradiction"": {}, ""mahalanobis_outlier"": {""distance"": 4.670593875074667}}"
1.0,3.0,2.0,5.0,3.0,3.0,1.0,5.0,1.0,5.0,100.0,False,,,False,False,False,3.9973637955126042,"{""straightlining"": {""irv"": {""attitude_scale"": 2.1875}}, ""logical_contradiction"": {}, ""mahalanobis_outlier"": {""distance"": 3.9973637955126042}}"
1.0,4.0,4.0,4.0,1.0,2.0,2.0,2.0,3.0,5.0,100.0,False,Logical_Contradiction:EXT2/EXT3,,False,True,False,3.973899124211095,"{""straightlining"": {""irv"": {""attitude_scale"": 1.6875}}, ""logical_contradiction"": {}, ""mahalanobis_outlier"": {""distance"": 3.973899124211095}}"
1.0,5.0,1.0,5.0,1.0,4.0,1.0,5.0,1.0,5.0,100.0,False,,,False,False,False,4.9817006426113615,"{""straightlining"": {""irv"": {""attitude_scale"": 4.0}}, ""logical_contradiction"": {}, ""mahalanobis_outlier"": {""distance"": 4.9817006426113615}}"
3.0,2.0,4.0,2.0,4.0,3.0,3.0,3.0,4.0,3.0,100.0,False,,,False,False,False,0.9610171566112005,"{""straightlining"": {""irv"": {""attitude_scale"": 0.6875}}, ""logical_contradiction"": {}, ""mahalanobis_outlier"": {""distance"": 0.9610171566112005}}"
3.0,1.0,5.0,1.0,5.0,1.0,5.0,2.0,4.0,1.0,100.0,False,,,False,False,False,4.469089772813051,"{""straightlining"": {""irv"": {""attitude_scale"": 2.75}}, ""logical_contradiction"": {}, ""mahalanobis_outlier"": {""distance"": 4.469089772813051}}"
1.0,5.0,1.0,4.0,2.0,3.0,1.0,5.0,1.0,5.0,100.0,False,,,False,False,False,5.626533482983147,"{""straightlining"": {""irv"": {""attitude_scale"": 3.1875}}, ""logical_contradiction"": {}, ""mahalanobis_outlier"": {""distance"": 5.626533482983147}}"
3.0,4.0,2.0,4.0,2.0,2.0,3.0,4.0,1.0,4.0,100.0,False,,,False,False,False,3.0082713797406875,"{""straightlining"": {""irv"": {""attitude_scale"": 0.6875}}, ""logical_contradiction"": {}, ""mahalanobis_outlier"": {""distance"": 3.0082713797406875}}"
2.0,2.0,3.0,2.0,3.0,3.0,2.0,4.0,2.0,4.0,100.0,False,,,False,False,False,2.7248870092468995,"{""straightlining"": {""irv"": {""attitude_scale"": 0.1875}}, ""logical_contradiction"": {}, ""mahalanobis_outlier"": {""distance"": 2.7248870092468995}}"
4.0,1.0,4.0,1.0,4.0,2.0,5.0,2.0,5.0,4.0,100.0,False,,,False,False,False,3.5021190613935698,"{""straightlining"": {""irv"": {""attitude_scale"": 2.25}}, ""logical_contradiction"": {}, ""mahalanobis_outlier"": {""distance"": 3.5021190613935698}}"
2.0,4.0,2.0,4.0,3.0,3.0,2.0,4.0,2.0,4.0,100.0,False,,,False,False,False,1.6713583987865275,"{""straightlining"": {""irv"": {""attitude_scale"": 1.0}}, ""logical_contradiction"": {}, ""mahalanobis_outlier"": {""distance"": 1.6713583987865275}}"
1.0,5.0,2.0,5.0,2.0,2.0,2.0,5.0,1.0,5.0,100.0,False,,,False,False,False,3.599514761935826,"{""straightlining"": {""irv"": {""attitude_scale"": 3.1875}}, ""logical_contradiction"": {}, ""mahalanobis_outlier"": {""distance"": 3.599514761935826}}"
1.0,2.0,4.0,3.0,3.0,3.0,2.0,4.0,2.0,4.0,100.0,False,,,False,False,False,4.0437963859482355,"{""straightlining"": {""irv"": {""attitude_scale"": 1.25}}, ""logical_contradiction"": {}, ""mahalanobis_outlier"": {""distance"": 4.0437963859482355}}"
1.0,4.0,2.0,4.0,3.0,2.0,2.0,4.0,3.0,3.0,100.0,False,,,False,False,False,2.259781171789173,"{""straightlining"": {""irv"": {""attitude_scale"": 1.6875}}, ""logical_contradiction"": {}, ""mahalanobis_outlier"": {""distance"": 2.259781171789173}}"
2.0,3.0,2.0,4.0,2.0,2.0,2.0,4.0,2.0,5.0,100.0,False,,,False,False,False,1.6691591408753337,"{""straightlining"": {""irv"": {""attitude_scale"": 0.6875}}, ""logical_contradiction"": {}, ""mahalanobis_outlier"": {""distance"": 1.6691591408753337}}"
3.0,2.0,4.0,3.0,4.0,2.0,3.0,2.0,5.0,3.0,100.0,False,,,False,False,False,0.4704695127776213,"{""straightlining"": {""irv"": {""attitude_scale"": 0.5}}, ""logical_contradiction"": {}, ""mahalanobis_outlier"": {""distance"": 0.4704695127776213}}"
3.0,2.0,4.0,2.0,4.0,2.0,5.0,3.0,5.0,2.0,100.0,False,,,False,False,False,0.9610171566112005,"{""straightlining"": {""irv"": {""attitude_scale"": 0.6875}}, ""logical_contradiction"": {}, ""mahalanobis_outlier"": {""distance"": 0.9610171566112005}}"
4.0,2.0,3.0,3.0,3.0,3.0,4.0,4.0,3.0,4.0,100.0,False,,,False,False,False,2.366668453443581,"{""straightlining"": {""irv"": {""attitude_scale"": 0.5}}, ""logical_contradiction"": {}, ""mahalanobis_outlier"": {""distance"": 2.366668453443581}}"
2.0,3.0,3.0,3.0,3.0,3.0,3.0,4.0,3.0,3.0,100.0,False,,,False,False,False,0.553868395554161,"{""straightlining"": {""irv"": {""attitude_scale"": 0.1875}}, ""logical_contradiction"": {}, ""mahalanobis_outlier"": {""distance"": 0.553868395554161}}"
2.0,1.0,5.0,2.0,4.0,1.0,3.0,2.0,1.0,4.0,100.0,False,,,False,False,False,4.982246760701603,"{""straightlining"": {""irv"": {""attitude_scale"": 2.25}}, ""logical_contradiction"": {}, ""mahalanobis_outlier"": {""distance"": 4.982246760701603}}"
4.0,2.0,4.0,3.0,4.0,2.0,2.0,4.0,4.0,4.0,100.0,False,,,False,False,False,1.571809707127522,"{""straightlining"": {""irv"": {""attitude_scale"": 0.6875}}, ""logical_contradiction"": {}, ""mahalanobis_outlier"": {""distance"": 1.571809707127522}}"
2.0,4.0,5.0,2.0,5.0,1.0,2.0,4.0,2.0,3.0,100.0,False,Logical_Contradiction:EXT2/EXT3,,False,True,False,8.149258018096658,"{""straightlining"": {""irv"": {""attitude_scale"": 1.6875}}, ""logical_contradiction"": {}, ""mahalanobis_outlier"": {""distance"": 8.149258018096658}}"
2.0,2.0,5.0,3.0,4.0,2.0,4.0,3.0,4.0,2.0,100.0,False,,,False,False,False,3.51604369229534,"{""straightlining"": {""irv"": {""attitude_scale"": 1.5}}, ""logical_contradiction"": {}, ""mahalanobis_outlier"": {""distance"": 3.51604369229534}}"
3.0,2.0,4.0,3.0,4.0,2.0,4.0,3.0,4.0,3.0,100.0,False,,,False,False,False,0.4704695127776213,"{""straightlining"": {""irv"": {""attitude_scale"": 0.5}}, ""logical_contradiction"": {}, ""mahalanobis_outlier"": {""distance"": 0.4704695127776213}}"
1.0,4.0,3.0,2.0,3.0,3.0,1.0,5.0,1.0,4.0,100.0,False,,,False,False,False,7.493887364062852,"{""straightlining"": {""irv"": {""attitude_scale"": 1.25}}, ""logical_contradiction"": {}, ""mahalanobis_outlier"": {""distance"": 7.493887364062852}}"
4.0,1.0,3.0,3.0,3.0,1.0,1.0,1.0,5.0,5.0,100.0,False,,,False,False,False,4.21414252874922,"{""straightlining"": {""irv"": {""attitude_scale"": 1.1875}}, ""logical_contradiction"": {}, ""mahalanobis_outlier"": {""distance"": 4.21414252874922}}"
1.0,3.0,3.0,4.0,2.0,1.0,1.0,4.0,4.0,4.0,100.0,False,,,False,False,False,1.960444165220978,"{""straightlining"": {""irv"": {""attitude_scale"": 1.1875}}, ""logical_contradiction"": {}, ""mahalanobis_outlier"": {""distance"": 1.960444165220978}}"
4.0,1.0,4.0,2.0,5.0,2.0,4.0,2.0,5.0,2.0,100.0,False,,,False,False,False,2.00547428435282,"{""straightlining"": {""irv"": {""attitude_scale"": 1.6875}}, ""logical_contradiction"": {}, ""mahalanobis_outlier"": {""distance"": 2.00547428435282}}"
2.0,5.0,3.0,4.0,3.0,3.0,2.0,4.0,2.0,5.0,100.0,False,,,False,False,False,3.213009212628456,"{""straightlining"": {""irv"": {""attitude_scale"": 1.25}}, ""logical_contradiction"": {}, ""mahalanobis_outlier"": {""distance"": 3.213009212628456}}"
1.0,4.0,3.0,4.0,4.0,2.0,2.0,3.0,3.0,3.0,100.0,False,,,False,False,False,2.093163780012327,"{""straightlining"": {""irv"": {""attitude_scale"": 1.5}}, ""logical_contradiction"": {}, ""mahalanobis_outlier"": {""distance"": 2.093163780012327}}"
3.0,2.0,4.0,5.0,4.0,5.0,2.0,1.0,1.0,5.0,100.0,False,,,False,False,False,7.050188356290697,"{""straightlining"": {""irv"": {""attitude_scale"": 1.25}}, ""logical_contradiction"": {}, ""mahalanobis_outlier"": {""distance"": 7.050188356290697}}"
3.0,3.0,5.0,2.0,5.0,3.0,5.0,3.0,5.0,3.0,100.0,False,,,False,False,False,3.5717850726930203,"{""straightlining"": {""irv"": {""attitude_scale"": 1.1875}}, ""logical_contradiction"": {}, ""mahalanobis_outlier"": {""distance"": 3.5717850726930203}}"
1.0,2.0,2.0,4.0,2.0,2.0,2.0,4.0,2.0,3.0,100.0,False,Logical_Contradiction:EXT2/EXT3,,False,True,False,4.575136103100697,"{""straightlining"": {""irv"": {""attitude_scale"": 1.1875}}, ""logical_contradiction"": {}, ""mahalanobis_outlier"": {""distance"": 4.575136103100697}}"
3.0,1.0,5.0,2.0,5.0,1.0,4.0,2.0,5.0,1.0,100.0,False,,,False,False,False,2.741547516840125,"{""straightlining"": {""irv"": {""attitude_scale"": 2.1875}}, ""logical_contradiction"": {}, ""mahalanobis_outlier"": {""distance"": 2.741547516840125}}"
3.0,3.0,4.0,3.0,3.0,3.0,2.0,3.0,4.0,4.0,100.0,False,,,False,False,False,0.5539441591243308,"{""straightlining"": {""irv"": {""attitude_scale"": 0.1875}}, ""logical_contradiction"": {}, ""mahalanobis_outlier"": {""distance"": 0.5539441591243308}}"
1.0,3.0,2.0,5.0,1.0,3.0,1.0,5.0,1.0,5.0,100.0,False,,,False,False,False,3.9973637955126042,"{""straightlining"": {""irv"": {""attitude_scale"": 2.1875}}, ""logical_contradiction"": {}, ""mahalanobis_outlier"": {""distance"": 3.9973637955126042}}"
3.0,2.0,4.0,3.0,3.0,2.0,5.0,3.0,3.0,3.0,100.0,False,,,False,False,False,0.4704695127776213,"{""straightlining"": {""irv"": {""attitude_scale"": 0.5}}, ""logical_contradiction"": {}, ""mahalanobis_outlier"": {""distance"": 0.4704695127776213}}"
1.0,1.0,4.0,2.0,4.0,1.0,3.0,5.0,3.0,3.0,100.0,False,,,False,False,False,7.273945070560368,"{""straightlining"": {""irv"": {""attitude_scale"": 1.5}}, ""logical_contradiction"": {}, ""mahalanobis_outlier"": {""distance"": 7.273945070560368}}"
3.0,2.0,2.0,4.0,4.0,1.0,2.0,4.0,2.0,5.0,100.0,False,Logical_Contradiction:EXT2/EXT3,,False,True,False,4.284976146328774,"{""straightlining"": {""irv"": {""attitude_scale"": 0.6875}}, ""logical_contradiction"": {}, ""mahalanobis_outlier"": {""distance"": 4.284976146328774}}"
5.0,5.0,4.0,3.0,1.0,5.0,5.0,5.0,1.0,5.0,50.0,False,Logical_Contradiction:EXT2/EXT3;Mahalanobis_Outlier,,False,True,True,11.808169935876093,"{""straightlining"": {""irv"": {""attitude_scale"": 0.6875}}, ""logical_contradiction"": {}, ""mahalanobis_outlier"": {""distance"": 11.808169935876093}}"
3.0,2.0,5.0,4.0,3.0,4.0,5.0,5.0,3.0,3.0,100.0,False,,,False,False,False,4.678830899805214,"{""straightlining"": {""irv"": {""attitude_scale"": 1.25}}, ""logical_contradiction"": {}, ""mahalanobis_outlier"": {""distance"": 4.678830899805214}}"
1.0,1.0,5.0,1.0,5.0,1.0,1.0,1.0,1.0,1.0,50.0,False,Mahalanobis_Outlier,,False,False,True,12.220821670388986,"{""straightlining"": {""irv"": {""attitude_scale"": 3.0}}, ""logical_contradiction"": {}, ""mahalanobis_outlier"": {""distance"": 12.220821670388986}}"
1.0,2.0,2.0,4.0,2.0,2.0,1.0,5.0,1.0,4.0,100.0,False,Logical_Contradiction:EXT2/EXT3,,False,True,False,4.575136103100697,"{""straightlining"": {""irv"": {""attitude_scale"": 1.1875}}, ""logical_contradiction"": {}, ""mahalanobis_outlier"": {""distance"": 4.575136103100697}}"
3.0,1.0,5.0,3.0,5.0,3.0,2.0,5.0,3.0,3.0,100.0,False,,,False,False,False,3.534276637927276,"{""straightlining"": {""irv"": {""attitude_scale"": 2.0}}, ""logical_contradiction"": {}, ""mahalanobis_outlier"": {""distance"": 3.534276637927276}}"
5.0,3.0,4.0,2.0,4.0,4.0,5.0,3.0,4.0,2.0,100.0,False,,,False,False,False,5.188510787984884,"{""straightlining"": {""irv"": {""attitude_scale"": 1.25}}, ""logical_contradiction"": {}, ""mahalanobis_outlier"": {""distance"": 5.188510787984884}}"
5.0,1.0,5.0,1.0,5.0,1.0,5.0,1.0,5.0,1.0,100.0,False,,,False,False,False,4.418700891064336,"{""straightlining"": {""irv"": {""attitude_scale"": 4.0}}, ""logical_contradiction"": {}, ""mahalanobis_outlier"": {""distance"": 4.418700891064336}}"
4.0,2.0,4.0,2.0,4.0,2.0,4.0,3.0,3.0,2.0,100.0,False,,,False,False,False,1.3898585230130152,"{""straightlining"": {""irv"": {""attitude_scale"": 1.0}}, ""logical_contradiction"": {}, ""mahalanobis_outlier"": {""distance"": 1.3898585230130152}}"
5.0,1.0,5.0,1.0,4.0,1.0,4.0,2.0,4.0,3.0,100.0,False,,,False,False,False,4.418700891064336,"{""straightlining"": {""irv"": {""attitude_scale"": 4.0}}, ""logical_contradiction"": {}, ""mahalanobis_outlier"": {""distance"": 4.418700891064336}}"
2.0,3.0,2.0,5.0,1.0,4.0,1.0,5.0,1.0,1.0,100.0,False,,,False,False,False,3.8217773092771847,"{""straightlining"": {""irv"": {""attitude_scale"": 1.5}}, ""logical_contradiction"": {}, ""mahalanobis_outlier"": {""distance"": 3.8217773092771847}}"
1.0,2.0,2.0,5.0,2.0,4.0,1.0,5.0,1.0,5.0,100.0,False,Logical_Contradiction:EXT2/EXT3,,False,True,False,6.896930859459285,"{""straightlining"": {""irv"": {""attitude_scale"": 2.25}}, ""logical_contradiction"": {}, ""mahalanobis_outlier"": {""distance"": 6.896930859459285}}"
0.0,2.0,5.0,3.0,4.0,2.0,4.0,3.0,5.0,5.0,50.0,False,Mahalanobis_Outlier,,False,False,True,11.90912670363082,"{""straightlining"": {""irv"": {""attitude_scale"": 3.25}}, ""logical_contradiction"": {}, ""mahalanobis_outlier"": {""distance"": 11.90912670363082}}"
3.0,3.0,3.0,3.0,4.0,3.0,3.0,4.0,2.0,4.0,50.0,False,Straightlining_Error:attitude_scale,,True,False,False,0.47407769225374574,"{""straightlining"": {""irv"": {""attitude_scale"": 0.0}}, ""logical_contradiction"": {}, ""mahalanobis_outlier"": {""distance"": 0.47407769225374574}}"
4.0,1.0,3.0,2.0,5.0,1.0,4.0,4.0,4.0,2.0,100.0,False,,,False,False,False,3.6321172777458015,"{""straightlining"": {""irv"": {""attitude_scale"": 1.25}}, ""logical_contradiction"": {}, ""mahalanobis_outlier"": {""distance"": 3.6321172777458015}}"
1.0,5.0,0.0,3.0,3.0,3.0,4.0,4.0,1.0,5.0,50.0,False,Mahalanobis_Outlier,,False,False,True,13.10437901509798,"{""straightlining"": {""irv"": {""attitude_scale"": 3.6875}}, ""logical_contradiction"": {}, ""mahalanobis_outlier"": {""distance"": 13.10437901509798}}"
1.0,5.0,1.0,5.0,2.0,5.0,1.0,5.0,1.0,4.0,100.0,False,,,False,False,False,4.9817006426113615,"{""straightlining"": {""irv"": {""attitude_scale"": 4.0}}, ""logical_contradiction"": {}, ""mahalanobis_outlier"": {""distance"": 4.9817006426113615}}"
4.0,3.0,5.0,2.0,3.0,3.0,4.0,3.0,4.0,3.0,100.0,False,,,False,False,False,3.7757466651500646,"{""straightlining"": {""irv"": {""attitude_scale"": 1.25}}, ""logical_contradiction"": {}, ""mahalanobis_outlier"": {""distance"": 3.7757466651500646}}"
3.0,4.0,4.0,4.0,4.0,2.0,2.0,4.0,2.0,4.0,100.0,False,Logical_Contradiction:EXT2/EXT3,,False,True,False,2.784220071660091,"{""straightlining"": {""irv"": {""attitude_scale"": 0.1875}}, ""logical_contradiction"": {}, ""mahalanobis_outlier"": {""distance"": 2.784220071660091}}"
3.0,1.0,5.0,3.0,5.0,1.0,4.0,4.0,3.0,2.0,100.0,False,,,False,False,False,3.534276637927276,"{""straightlining"": {""irv"": {""attitude_scale"": 2.0}}, ""logical_contradiction"": {}, ""mahalanobis_outlier"": {""distance"": 3.534276637927276}}"
5.0,1.0,5.0,1.0,3.0,5.0,1.0,2.0,5.0,5.0,100.0,False,,,False,False,False,4.418700891064336,"{""straightlining"": {""irv"": {""attitude_scale"": 4.0}}, ""logical_contradiction"": {}, ""mahalanobis_outlier"": {""distance"": 4.418700891064336}}"
2.0,5.0,2.0,5.0,2.0,4.0,1.0,5.0,1.0,5.0,100.0,False,,,False,False,False,3.943253358062125,"{""straightlining"": {""irv"": {""attitude_scale"": 2.25}}, ""logical_contradiction"": {}, ""mahalanobis_outlier"": {""distance"": 3.943253358062125}}"
3.0,1.0,3.0,2.0,4.0,2.0,2.0,4.0,3.0,3.0,100.0,False,,,False,False,False,2.9783961373992183,"{""straightlining"": {""irv"": {""attitude_scale"": 0.6875}}, ""logical_contradiction"": {}, ""mahalanobis_outlier"": {""distance"": 2.9783961373992183}}"
1.0,4.0,1.0,4.0,2.0,4.0,2.0,5.0,2.0,5.0,100.0,False,,,False,False,False,4.473751299541632,"{""straightlining"": {""irv"": {""attitude_scale"": 2.25}}, ""logical_contradiction"": {}, ""mahalanobis_outlier"": {""distance"": 4.473751299541632}}"
1.0,5.0,1.0,4.0,2.0,5.0,1.0,1.0,2.0,5.0,100.0,False,,,False,False,False,5.626533482983147,"{""straightlining"": {""irv"": {""attitude_scale"": 3.1875}}, ""logical_contradiction"": {}, ""mahalanobis_outlier"": {""distance"": 5.626533482983147}}"
4.0,4.0,3.0,3.0,4.0,2.0,4.0,3.0,4.0,4.0,100.0,False,,,False,False,False,4.073005397148884,"{""straightlining"": {""irv"": {""attitude_scale"": 0.25}}, ""logical_contradiction"": {}, ""mahalanobis_outlier"": {""distance"": 4.073005397148884}}"
4.0,1.0,5.0,2.0,4.0,1.0,4.0,2.0,5.0,3.0,100.0,False,,,False,False,False,2.426184026935451,"{""straightlining"": {""irv"": {""attitude_scale"": 2.5}}, ""logical_contradiction"": {}, ""mahalanobis_outlier"": {""distance"": 2.426184026935451}}"
1.0,4.0,2.0,4.0,3.0,4.0,1.0,3.0,4.0,4.0,100.0,False,,,False,False,False,2.259781171789173,"{""straightlining"": {""irv"": {""attitude_scale"": 1.6875}}, ""logical_contradiction"": {}, ""mahalanobis_outlier"": {""distance"": 2.259781171789173}}"
1.0,3.0,1.0,5.0,1.0,2.0,1.0,5.0,1.0,3.0,100.0,False,,,False,False,False,6.159915472310168,"{""straightlining"": {""irv"": {""attitude_scale"": 2.75}}, ""logical_contradiction"": {}, ""mahalanobis_outlier"": {""distance"": 6.159915472310168}}"
3.0,1.0,4.0,2.0,3.0,1.0,3.0,3.0,5.0,3.0,100.0,False,,,False,False,False,1.8362954591318643,"{""straightlining"": {""irv"": {""attitude_scale"": 1.25}}, ""logical_contradiction"": {}, ""mahalanobis_outlier"": {""distance"": 1.8362954591318643}}"
2.0,3.0,3.0,2.0,4.0,2.0,2.0,4.0,2.0,4.0,100.0,False,,,False,False,False,3.000191632256556,"{""straightlining"": {""irv"": {""attitude_scale"": 0.25}}, ""logical_contradiction"": {}, ""mahalanobis_outlier"": {""distance"": 3.000191632256556}}"
5.0,1.0,5.0,1.0,5.0,1.0,5.0,5.0,5.0,5.0,100.0,False,,,False,False,False,4.418700891064336,"{""straightlining"": {""irv"": {""attitude_scale"": 4.0}}, ""logical_contradiction"": {}, ""mahalanobis_outlier"": {""distance"": 4.418700891064336}}"
3.0,1.0,4.0,3.0,4.0,1.0,3.0,2.0,2.0,3.0,100.0,False,,,False,False,False,2.187423231203105,"{""straightlining"": {""irv"": {""attitude_scale"": 1.1875}}, ""logical_contradiction"": {}, ""mahalanobis_outlier"": {""distance"": 2.187423231203105}}"
2.0,2.0,3.0,4.0,2.0,2.0,2.0,5.0,2.0,4.0,100.0,False,,,False,False,False,2.035862744711829,"{""straightlining"": {""irv"": {""attitude_scale"": 0.6875}}, ""logical_contradiction"": {}, ""mahalanobis_outlier"": {""distance"": 2.035862744711829}}"
1.0,5.0,2.0,4.0,1.0,4.0,1.0,2.0,2.0,5.0,100.0,False,,,False,False,False,3.8027462532917027,"{""straightlining"": {""irv"": {""attitude_scale"": 2.5}}, ""logical_contradiction"": {}, ""mahalanobis_outlier"": {""distance"": 3.8027462532917027}}"
3.0,3.0,4.0,3.0,4.0,3.0,2.0,5.0,3.0,3.0,100.0,False,,,False,False,False,0.5539441591243308,"{""straightlining"": {""irv"": {""attitude_scale"": 0.1875}}, ""logical_contradiction"": {}, ""mahalanobis_outlier"": {""distance"": 0.5539441591243308}}"
3.0,4.0,4.0,4.0,1.0,4.0,2.0,2.0,2.0,4.0,100.0,False,Logical_Contradiction:EXT2/EXT3,,False,True,False,2.784220071660091,"{""straightlining"": {""irv"": {""attitude_scale"": 0.1875}}, ""logical_contradiction"": {}, ""mahalanobis_outlier"": {""distance"": 2.784220071660091}}"
5.0,2.0,5.0,1.0,5.0,1.0,5.0,2.0,5.0,1.0,100.0,False,,,False,False,False,5.294605984871228,"{""straightlining"": {""irv"": {""attitude_scale"": 3.1875}}, ""logical_contradiction"": {}, ""mahalanobis_outlier"": {""distance"": 5.294605984871228}}"
2.0,5.0,2.0,5.0,1.0,4.0,1.0,5.0,1.0,5.0,100.0,False,,,False,False,False,3.943253358062125,"{""straightlining"": {""irv"": {""attitude_scale"": 2.25}}, ""logical_contradiction"": {}, ""mahalanobis_outlier"": {""distance"": 3.943253358062125}}"
3.0,3.0,4.0,3.0,1.0,4.0,2.0,2.0,4.0,4.0,100.0,False,,,False,False,False,0.5539441591243308,"{""straightlining"": {""irv"": {""attitude_scale"": 0.1875}}, ""logical_contradiction"": {}, ""mahalanobis_outlier"": {""distance"": 0.5539441591243308}}"
1.0,4.0,3.0,4.0,2.0,2.0,4.0,4.0,1.0,5.0,100.0,False,,,False,False,False,2.093163780012327,"{""straightlining"": {""irv"": {""attitude_scale"": 1.5}}, ""logical_contradiction"": {}, ""mahalanobis_outlier"": {""distance"": 2.093163780012327}}"
2.0,3.0,3.0,3.0,3.0,3.0,2.0,4.0,2.0,4.0,100.0,False,,,False,False,False,0.553868395554161,"{""straightlining"": {""irv"": {""attitude_scale"": 0.1875}}, ""logical_contradiction"": {}, ""mahalanobis_outlier"": {""distance"": 0.553868395554161}}"
1.0,3.0,2.0,4.0,2.0,3.0,2.0,5.0,2.0,4.0,100.0,False,,,False,False,False,2.517244455058839,"{""straightlining"": {""irv"": {""attitude_scale"": 1.25}}, ""logical_contradiction"": {}, ""mahalanobis_outlier"": {""distance"": 2.517244455058839}}"
3.0,1.0,5.0,3.0,5.0,1.0,5.0,4.0,3.0,2.0,100.0,False,,,False,False,False,3.534276637927276,"{""straightlining"": {""irv"": {""attitude_scale"": 2.0}}, ""logical_contradiction"": {}, ""mahalanobis_outlier"": {""distance"": 3.534276637927276}}"
1.0,5.0,2.0,5.0,2.0,5.0,1.0,4.0,2.0,5.0,100.0,False,,,False,False,False,3.599514761935826,"{""straightlining"": {""irv"": {""attitude_scale"": 3.1875}}, ""logical_contradiction"": {}, ""mahalanobis_outlier"": {""distance"": 3.599514761935826}}"
4.0,2.0,3.0,2.0,4.0,2.0,2.0,2.0,4.0,3.0,100.0,False,,,False,False,False,2.6263186183449836,"{""straightlining"": {""irv"": {""attitude_scale"": 0.6875}}, ""logical_contradiction"": {}, ""mahalanobis_outlier"": {""distance"": 2.6263186183449836}}"
1.0,2.0,3.0,3.0,3.0,3.0,2.0,4.0,3.0,4.0,100.0,False,,,False,False,False,3.3850281868874053,"{""straightlining"": {""irv"": {""attitude_scale"": 0.6875}}, ""logical_contradiction"": {}, ""mahalanobis_outlier"": {""distance"": 3.3850281868874053}}"
3.0,1.0,2.0,4.0,4.0,2.0,4.0,5.0,1.0,2.0,100.0,False,Logical_Contradiction:EXT2/EXT3,,False,True,False,7.623971076781109,"{""straightlining"": {""irv"": {""attitude_scale"": 1.25}}, ""logical_contradiction"": {}, ""mahalanobis_outlier"": {""distance"": 7.623971076781109}}"
4.0,1.0,5.0,2.0,5.0,1.0,5.0,2.0,5.0,2.0,100.0,False,,,False,False,False,2.426184026935451,"{""straightlining"": {""irv"": {""attitude_scale"": 2.5}}, ""logical_contradiction"": {}, ""mahalanobis_outlier"": {""distance"": 2.426184026935451}}"
3.0,5.0,5.0,5.0,3.0,5.0,2.0,3.0,3.0,3.0,50.0,False,Logical_Contradiction:EXT2/EXT3;Mahalanobis_Outlier,,False,True,True,11.442632591218528,"{""straightlining"": {""irv"": {""attitude_scale"": 0.75}}, ""logical_contradiction"": {}, ""mahalanobis_outlier"": {""distance"": 11.442632591218528}}"
2.0,1.0,5.0,3.0,5.0,4.0,5.0,3.0,3.0,4.0,100.0,False,,,False,False,False,5.102477053840669,"{""straightlining"": {""irv"": {""attitude_scale"": 2.1875}}, ""logical_contradiction"": {}, ""mahalanobis_outlier"": {""distance"": 5.102477053840669}}"
2.0,3.0,3.0,2.0,5.0,1.0,4.0,4.0,4.0,3.0,100.0,False,,,False,False,False,3.000191632256556,"{""straightlining"": {""irv"": {""attitude_scale"": 0.25}}, ""logical_contradiction"": {}, ""mahalanobis_outlier"": {""distance"": 3.000191632256556}}"
3.0,5.0,2.0,5.0,3.0,3.0,3.0,5.0,2.0,3.0,100.0,False,,,False,False,False,6.21232770814523,"{""straightlining"": {""irv"": {""attitude_scale"": 1.6875}}, ""logical_contradiction"": {}, ""mahalanobis_outlier"": {""distance"": 6.21232770814523}}"
5.0,1.0,4.0,3.0,5.0,2.0,5.0,1.0,5.0,5.0,100.0,False,,,False,False,False,5.796114291497991,"{""straightlining"": {""irv"": {""attitude_scale"": 2.1875}}, ""logical_contradiction"": {}, ""mahalanobis_outlier"": {""distance"": 5.796114291497991}}"
1.0,1.0,5.0,4.0,5.0,1.0,2.0,5.0,4.0,5.0,50.0,False,Mahalanobis_Outlier,,False,False,True,10.564016065961926,"{""straightlining"": {""irv"": {""attitude_scale"": 3.1875}}, ""logical_contradiction"": {}, ""mahalanobis_outlier"": {""distance"": 10.564016065961926}}"
3.0,4.0,4.0,3.0,3.0,2.0,3.0,2.0,4.0,4.0,100.0,False,Logical_Contradiction:EXT2/EXT3,,False,True,False,2.437847170243234,"{""straightlining"": {""irv"": {""attitude_scale"": 0.25}}, ""logical_contradiction"": {}, ""mahalanobis_outlier"": {""distance"": 2.437847170243234}}"
2.0,3.0,4.0,4.0,3.0,2.0,3.0,4.0,4.0,5.0,100.0,False,,,False,False,False,1.6338266669239676,"{""straightlining"": {""irv"": {""attitude_scale"": 0.6875}}, ""logical_contradiction"": {}, ""mahalanobis_outlier"": {""distance"": 1.6338266669239676}}"
2.0,4.0,2.0,3.0,3.0,1.0,2.0,3.0,2.0,4.0,100.0,False,,,False,False,False,2.8806870233495756,"{""straightlining"": {""irv"": {""attitude_scale"": 0.6875}}, ""logical_contradiction"": {}, ""mahalanobis_outlier"": {""distance"": 2.8806870233495756}}"
1.0,5.0,3.0,4.0,1.0,4.0,1.0,5.0,1.0,5.0,100.0,False,,,False,False,False,4.026311759575873,"{""straightlining"": {""irv"": {""attitude_scale"": 2.1875}}, ""logical_contradiction"": {}, ""mahalanobis_outlier"": {""distance"": 4.026311759575873}}"
2.0,5.0,3.0,4.0,2.0,2.0,1.0,4.0,2.0,5.0,100.0,False,,,False,False,False,3.213009212628456,"{""straightlining"": {""irv"": {""attitude_scale"": 1.25}}, ""logical_contradiction"": {}, ""mahalanobis_outlier"": {""distance"": 3.213009212628456}}"
4.0,1.0,5.0,1.0,5.0,1.0,4.0,2.0,5.0,1.0,100.0,False,,,False,False,False,3.4812274549602917,"{""straightlining"": {""irv"": {""attitude_scale"": 3.1875}}, ""logical_contradiction"": {}, ""mahalanobis_outlier"": {""distance"": 3.4812274549602917}}"
1.0,4.0,2.0,4.0,2.0,3.0,2.0,5.0,1.0,5.0,100.0,False,,,False,False,False,2.259781171789173,"{""straightlining"": {""irv"": {""attitude_scale"": 1.6875}}, ""logical_contradiction"": {}, ""mahalanobis_outlier"": {""distance"": 2.259781171789173}}"
4.0,1.0,5.0,2.0,5.0,1.0,5.0,5.0,3.0,3.0,100.0,False,,,False,False,False,2.426184026935451,"{""straightlining"": {""irv"": {""attitude_scale"": 2.5}}, ""logical_contradiction"": {}, ""mahalanobis_outlier"": {""distance"": 2.426184026935451}}"
1.0,2.0,1.0,3.0,2.0,3.0,2.0,4.0,3.0,4.0,100.0,False,Logical_Contradiction:EXT2/EXT3,,False,True,False,8.209549996692587,"{""straightlining"": {""irv"": {""attitude_scale"": 0.6875}}, ""logical_contradiction"": {}, ""mahalanobis_outlier"": {""distance"": 8.209549996692587}}"
0.0,2.0,5.0,2.0,2.0,2.0,4.0,2.0,4.0,5.0,50.0,False,Mahalanobis_Outlier,,False,False,True,13.97556948229275,"{""straightlining"": {""irv"": {""attitude_scale"": 3.1875}}, ""logical_contradiction"": {}, ""mahalanobis_outlier"": {""distance"": 13.97556948229275}}"
3.0,1.0,4.0,2.0,4.0,1.0,3.0,4.0,3.0,3.0,100.0,False,,,False,False,False,1.8362954591318643,"{""straightlining"": {""irv"": {""attitude_scale"": 1.25}}, ""logical_contradiction"": {}, ""mahalanobis_outlier"": {""distance"": 1.8362954591318643}}"
1.0,1.0,2.0,1.0,1.0,1.0,2.0,2.0,5.0,5.0,50.0,False,Logical_Contradiction:EXT2/EXT3;Mahalanobis_Outlier,,False,True,True,14.064673861484994,"{""straightlining"": {""irv"": {""attitude_scale"": 0.1875}}, ""logical_contradiction"": {}, ""mahalanobis_outlier"": {""distance"": 14.064673861484994}}"
4.0,3.0,5.0,3.0,5.0,3.0,4.0,4.0,4.0,2.0,100.0,False,,,False,False,False,3.55762378237566,"{""straightlining"": {""irv"": {""attitude_scale"": 0.6875}}, ""logical_contradiction"": {}, ""mahalanobis_outlier"": {""distance"": 3.55762378237566}}"
4.0,1.0,4.0,1.0,5.0,1.0,5.0,2.0,3.0,4.0,100.0,False,,,False,False,False,3.5021190613935698,"{""straightlining"": {""irv"": {""attitude_scale"": 2.25}}, ""logical_contradiction"": {}, ""mahalanobis_outlier"": {""distance"": 3.5021190613935698}}"
2.0,2.0,5.0,2.0,5.0,2.0,4.0,4.0,5.0,3.0,100.0,False,,,False,False,False,4.237488815061096,"{""straightlining"": {""irv"": {""attitude_scale"": 1.6875}}, ""logical_contradiction"": {}, ""mahalanobis_outlier"": {""distance"": 4.237488815061096}}"
1.0,5.0,1.0,4.0,3.0,5.0,1.0,1.0,1.0,5.0,100.0,False,,,False,False,False,5.626533482983147,"{""straightlining"": {""irv"": {""attitude_scale"": 3.1875}}, ""logical_contradiction"": {}, ""mahalanobis_outlier"": {""distance"": 5.626533482983147}}"
1.0,3.0,3.0,4.0,1.0,2.0,2.0,4.0,2.0,5.0,100.0,False,,,False,False,False,1.960444165220978,"{""straightlining"": {""irv"": {""attitude_scale"": 1.1875}}, ""logical_contradiction"": {}, ""mahalanobis_outlier"": {""distance"": 1.960444165220978}}"
3.0,1.0,4.0,2.0,4.0,4.0,4.0,2.0,5.0,5.0,100.0,False,,,False,False,False,1.8362954591318643,"{""straightlining"": {""irv"": {""attitude_scale"": 1.25}}, ""logical_contradiction"": {}, ""mahalanobis_outlier"": {""distance"": 1.8362954591318643}}"
2.0,3.0,3.0,4.0,3.0,3.0,2.0,4.0,1.0,3.0,100.0,False,,,False,False,False,0.6278165359118435,"{""straightlining"": {""irv"": {""attitude_scale"": 0.5}}, ""logical_contradiction"": {}, ""mahalanobis_outlier"": {""distance"": 0.6278165359118435}}"
3.0,1.0,4.0,3.0,3.0,2.0,4.0,4.0,2.0,4.0,100.0,False,,,False,False,False,2.187423231203105,"{""straightlining"": {""irv"": {""attitude_scale"": 1.1875}}, ""logical_contradiction"": {}, ""mahalanobis_outlier"": {""distance"": 2.187423231203105}}"
1.0,2.0,3.0,4.0,4.0,3.0,2.0,4.0,3.0,5.0,100.0,False,,,False,False,False,3.6281529152018233,"{""straightlining"": {""irv"": {""attitude_scale"": 1.25}}, ""logical_contradiction"": {}, ""mahalanobis_outlier"": {""distance"": 3.6281529152018233}}"
3.0,1.0,5.0,1.0,5.0,1.0,3.0,1.0,5.0,1.0,100.0,False,,,False,False,False,4.469089772813051,"{""straightlining"": {""irv"": {""attitude_scale"": 2.75}}, ""logical_contradiction"": {}, ""mahalanobis_outlier"": {""distance"": 4.469089772813051}}"
1.0,4.0,2.0,4.0,3.0,4.0,2.0,4.0,2.0,5.0,100.0,False,,,False,False,False,2.259781171789173,"{""straightlining"": {""irv"": {""attitude_scale"": 1.6875}}, ""logical_contradiction"": {}, ""mahalanobis_outlier"": {""distance"": 2.259781171789173}}"
4.0,2.0,4.0,2.0,4.0,2.0,4.0,4.0,3.0,2.0,100.0,False,,,False,False,False,1.3898585230130152,"{""straightlining"": {""irv"": {""attitude_scale"": 1.0}}, ""logical_contradiction"": {}, ""mahalanobis_outlier"": {""distance"": 1.3898585230130152}}"
1.0,2.0,2.0,3.0,4.0,2.0,1.0,4.0,4.0,3.0,100.0,False,Logical_Contradiction:EXT2/EXT3,,False,True,False,4.7736127238021915,"{""straightlining"": {""irv"": {""attitude_scale"": 0.5}}, ""logical_contradiction"": {}, ""mahalanobis_outlier"": {""distance"": 4.7736127238021915}}"
5.0,1.0,5.0,1.0,4.0,1.0,4.0,1.0,4.0,1.0,100.0,False,,,False,False,False,4.418700891064336,"{""straightlining"": {""irv"": {""attitude_scale"": 4.0}}, ""logical_contradiction"": {}, ""mahalanobis_outlier"": {""distance"": 4.418700891064336}}"
3.0,1.0,3.0,5.0,4.0,2.0,4.0,2.0,4.0,3.0,50.0,False,Mahalanobis_Outlier,,False,False,True,10.267789537745447,"{""straightlining"": {""irv"": {""attitude_scale"": 2.0}}, ""logical_contradiction"": {}, ""mahalanobis_outlier"": {""distance"": 10.267789537745447}}"
3.0,2.0,3.0,4.0,4.0,2.0,1.0,4.0,2.0,5.0,100.0,False,,,False,False,False,2.36890832817864,"{""straightlining"": {""irv"": {""attitude_scale"": 0.5}}, ""logical_contradiction"": {}, ""mahalanobis_outlier"": {""distance"": 2.36890832817864}}"
3.0,1.0,4.0,4.0,5.0,4.0,2.0,4.0,1.0,2.0,100.0,False,,,False,False,False,5.058822380334425,"{""straightlining"": {""irv"": {""attitude_scale"": 1.5}}, ""logical_contradiction"": {}, ""mahalanobis_outlier"": {""distance"": 5.058822380334425}}"
3.0,2.0,4.0,1.0,4.0,1.0,4.0,2.0,4.0,4.0,100.0,False,,,False,False,False,3.971836177504857,"{""straightlining"": {""irv"": {""attitude_scale"": 1.25}}, ""logical_contradiction"": {}, ""mahalanobis_outlier"": {""distance"": 3.971836177504857}}"
5.0,1.0,5.0,3.0,4.0,1.0,5.0,1.0,5.0,5.0,100.0,False,,,False,False,False,6.173883067970903,"{""straightlining"": {""irv"": {""attitude_scale"": 2.75}}, ""logical_contradiction"": {}, ""mahalanobis_outlier"": {""distance"": 6.173883067970903}}"
2.0,1.0,3.0,4.0,2.0,1.0,2.0,3.0,5.0,4.0,100.0,False,,,False,False,False,5.244337318284009,"{""straightlining"": {""irv"": {""attitude_scale"": 1.25}}, ""logical_contradiction"": {}, ""mahalanobis_outlier"": {""distance"": 5.244337318284009}}"
1.0,5.0,1.0,5.0,4.0,1.0,1.0,5.0,3.0,5.0,100.0,False,,,False,False,False,4.9817006426113615,"{""straightlining"": {""irv"": {""attitude_scale"": 4.0}}, ""logical_contradiction"": {}, ""mahalanobis_outlier"": {""distance"": 4.9817006426113615}}"
3.0,3.0,4.0,3.0,0.0,2.0,2.0,5.0,3.0,4.0,100.0,False,,,False,False,False,0.5539441591243308,"{""straightlining"": {""irv"": {""attitude_scale"": 0.1875}}, ""logical_contradiction"": {}, ""mahalanobis_outlier"": {""distance"": 0.5539441591243308}}"
3.0,1.0,3.0,3.0,2.0,1.0,3.0,3.0,3.0,4.0,100.0,False,,,False,False,False,2.8879225604545495,"{""straightlining"": {""irv"": {""attitude_scale"": 0.75}}, ""logical_contradiction"": {}, ""mahalanobis_outlier"": {""distance"": 2.8879225604545495}}"
2.0,4.0,3.0,4.0,2.0,4.0,2.0,5.0,2.0,4.0,100.0,False,,,False,False,False,1.020198691884052,"{""straightlining"": {""irv"": {""attitude_scale"": 0.6875}}, ""logical_contradiction"": {}, ""mahalanobis_outlier"": {""distance"": 1.020198691884052}}"
3.0,5.0,4.0,2.0,4.0,3.0,3.0,3.0,3.0,2.0,100.0,False,Logical_Contradiction:EXT2/EXT3,,False,True,False,9.137752437682375,"{""straightlining"": {""irv"": {""attitude_scale"": 1.25}}, ""logical_contradiction"": {}, ""mahalanobis_outlier"": {""distance"": 9.137752437682375}}"
5.0,5.0,5.0,5.0,5.0,1.0,5.0,5.0,5.0,1.0,0.0,True,Straightlining_Error:attitude_scale;Logical_Contradiction:EXT2/EXT3;Mahalanobis_Outlier,,True,True,True,18.849534662501373,"{""straightlining"": {""irv"": {""attitude_scale"": 0.0}}, ""logical_contradiction"": {}, ""mahalanobis_outlier"": {""distance"": 18.849534662501373}}"
3.0,1.0,3.0,2.0,4.0,2.0,3.0,3.0,3.0,2.0,100.0,False,,,False,False,False,2.9783961373992183,"{""straightlining"": {""irv"": {""attitude_scale"": 0.6875}}, ""logical_contradiction"": {}, ""mahalanobis_outlier"": {""distance"": 2.9783961373992183}}"
5.0,0.0,5.0,1.0,0.0,1.0,5.0,3.0,5.0,1.0,100.0,False,,,False,False,False,5.34322416202964,"{""straightlining"": {""irv"": {""attitude_scale"": 5.1875}}, ""logical_contradiction"": {}, ""mahalanobis_outlier"": {""distance"": 5.34322416202964}}"
3.0,2.0,2.0,5.0,1.0,3.0,1.0,2.0,3.0,5.0,100.0,False,Logical_Contradiction:EXT2/EXT3,,False,True,False,7.951768558583532,"{""straightlining"": {""irv"": {""attitude_scale"": 1.5}}, ""logical_contradiction"": {}, ""mahalanobis_outlier"": {""distance"": 7.951768558583532}}"
4.0,1.0,4.0,3.0,4.0,2.0,4.0,4.0,1.0,3.0,100.0,False,,,False,False,False,3.0291008843721468,"{""straightlining"": {""irv"": {""attitude_scale"": 1.5}}, ""logical_contradiction"": {}, ""mahalanobis_outlier"": {""distance"": 3.0291008843721468}}"
4.0,2.0,5.0,1.0,4.0,2.0,4.0,2.0,4.0,2.0,100.0,False,,,False,False,False,4.097470007586322,"{""straightlining"": {""irv"": {""attitude_scale"": 2.5}}, ""logical_contradiction"": {}, ""mahalanobis_outlier"": {""distance"": 4.097470007586322}}"
1.0,5.0,2.0,5.0,1.0,5.0,1.0,5.0,2.0,5.0,100.0,False,,,False,False,False,3.599514761935826,"{""straightlining"": {""irv"": {""attitude_scale"": 3.1875}}, ""logical_contradiction"": {}, ""mahalanobis_outlier"": {""distance"": 3.599514761935826}}"
1.0,2.0,1.0,5.0,2.0,1.0,1.0,5.0,1.0,5.0,100.0,False,Logical_Contradiction:EXT2/EXT3,,False,True,False,9.449665434317865,"{""straightlining"": {""irv"": {""attitude_scale"": 2.6875}}, ""logical_contradiction"": {}, ""mahalanobis_outlier"": {""distance"": 9.449665434317865}}"
1.0,2.0,4.0,4.0,2.0,3.0,5.0,4.0,3.0,4.0,100.0,False,,,False,False,False,4.728522463278562,"{""straightlining"": {""irv"": {""attitude_scale"": 1.6875}}, ""logical_contradiction"": {}, ""mahalanobis_outlier"": {""distance"": 4.728522463278562}}"
3.0,1.0,5.0,1.0,5.0,2.0,4.0,5.0,3.0,5.0,100.0,False,,,False,False,False,4.469089772813051,"{""straightlining"": {""irv"": {""attitude_scale"": 2.75}}, ""logical_contradiction"": {}, ""mahalanobis_outlier"": {""distance"": 4.469089772813051}}"
2.0,5.0,2.0,5.0,1.0,2.0,2.0,5.0,5.0,5.0,100.0,False,,,False,False,False,3.943253358062125,"{""straightlining"": {""irv"": {""attitude_scale"": 2.25}}, ""logical_contradiction"": {}, ""mahalanobis_outlier"": {""distance"": 3.943253358062125}}"
3.0,3.0,4.0,3.0,4.0,2.0,3.0,3.0,4.0,4.0,100.0,False,,,False,False,False,0.5539441591243308,"{""straightlining"": {""irv"": {""attitude_scale"": 0.1875}}, ""logical_contradiction"": {}, ""mahalanobis_outlier"": {""distance"": 0.5539441591243308}}"
2.0,3.0,3.0,4.0,4.0,3.0,3.0,2.0,5.0,4.0,100.0,False,,,False,False,False,0.6278165359118435,"{""straightlining"": {""irv"": {""attitude_scale"": 0.5}}, ""logical_contradiction"": {}, ""mahalanobis_outlier"": {""distance"": 0.6278165359118435}}"
1.0,4.0,3.0,5.0,3.0,3.0,2.0,5.0,5.0,4.0,100.0,False,,,False,False,False,3.17320905357718,"{""straightlining"": {""irv"": {""attitude_scale"": 2.1875}}, ""logical_contradiction"": {}, ""mahalanobis_outlier"": {""distance"": 3.17320905357718}}"
2.0,2.0,3.0,2.0,3.0,1.0,2.0,3.0,3.0,3.0,100.0,False,,,False,False,False,2.7248870092468995,"{""straightlining"": {""irv"": {""attitude_scale"": 0.1875}}, ""logical_contradiction"": {}, ""mahalanobis_outlier"": {""distance"": 2.7248870092468995}}"
5.0,1.0,5.0,1.0,5.0,1.0,5.0,5.0,5.0,1.0,100.0,False,,,False,False,False,4.418700891064336,"{""straightlining"": {""irv"": {""attitude_scale"": 4.0}}, ""logical_contradiction"": {}, ""mahalanobis_outlier"": {""distance"": 4.418700891064336}}"
3.0,2.0,3.0,3.0,4.0,2.0,3.0,4.0,4.0,3.0,100.0,False,,,False,False,False,0.7807859439680509,"{""straightlining"": {""irv"": {""attitude_scale"": 0.1875}}, ""logical_contradiction"": {}, ""mahalanobis_outlier"": {""distance"": 0.7807859439680509}}"
4.0,3.0,4.0,3.0,3.0,3.0,5.0,3.0,3.0,5.0,100.0,False,,,False,False,False,1.9149468946550907,"{""straightlining"": {""irv"": {""attitude_scale"": 0.25}}, ""logical_contradiction"": {}, ""mahalanobis_outlier"": {""distance"": 1.9149468946550907}}"
2.0,2.0,3.0,3.0,2.0,2.0,4.0,4.0,3.0,5.0,100.0,False,,,False,False,False,1.1202391884493255,"{""straightlining"": {""irv"": {""attitude_scale"": 0.25}}, ""logical_contradiction"": {}, ""mahalanobis_outlier"": {""distance"": 1.1202391884493255}}"
3.0,3.0,3.0,4.0,3.0,3.0,4.0,3.0,4.0,3.0,100.0,False,,,False,False,False,1.220524660559514,"{""straightlining"": {""irv"": {""attitude_scale"": 0.1875}}, ""logical_contradiction"": {}, ""mahalanobis_outlier"": {""distance"": 1.220524660559514}}"
1.0,5.0,5.0,1.0,5.0,5.0,1.0,5.0,5.0,1.0,50.0,False,Logical_Contradiction:EXT2/EXT3;Mahalanobis_Outlier,,False,True,True,22.372411575355965,"{""straightlining"": {""irv"": {""attitude_scale"": 4.0}}, ""logical_contradiction"": {}, ""mahalanobis_outlier"": {""distance"": 22.372411575355965}}"
3.0,2.0,4.0,4.0,3.0,2.0,3.0,4.0,4.0,4.0,100.0,False,,,False,False,False,2.50019324600412,"{""straightlining"": {""irv"": {""attitude_scale"": 0.6875}}, ""logical_contradiction"": {}, ""mahalanobis_outlier"": {""distance"": 2.50019324600412}}"
3.0,3.0,4.0,3.0,4.0,2.0,5.0,3.0,2.0,3.0,100.0,False,,,False,False,False,0.5539441591243308,"{""straightlining"": {""irv"": {""attitude_scale"": 0.1875}}, ""logical_contradiction"": {}, ""mahalanobis_outlier"": {""distance"": 0.5539441591243308}}"
5.0,1.0,4.0,1.0,5.0,2.0,5.0,3.0,4.0,1.0,100.0,False,,,False,False,False,4.924134812623244,"{""straightlining"": {""irv"": {""attitude_scale"": 3.1875}}, ""logical_contradiction"": {}, ""mahalanobis_outlier"": {""distance"": 4.924134812623244}}"
3.0,2.0,3.0,2.0,2.0,3.0,2.0,2.0,3.0,3.0,100.0,False,,,False,False,False,1.7129349368175393,"{""straightlining"": {""irv"": {""attitude_scale"": 0.25}}, ""logical_contradiction"": {}, ""mahalanobis_outlier"": {""distance"": 1.7129349368175393}}"
1.0,2.0,2.0,2.0,4.0,2.0,1.0,4.0,3.0,2.0,100.0,False,Logical_Contradiction:EXT2/EXT3,,False,True,False,7.49236072156376,"{""straightlining"": {""irv"": {""attitude_scale"": 0.1875}}, ""logical_contradiction"": {}, ""mahalanobis_outlier"": {""distance"": 7.49236072156376}}"
1.0,2.0,2.0,3.0,3.0,3.0,2.0,2.0,3.0,5.0,100.0,False,Logical_Contradiction:EXT2/EXT3,,False,True,False,4.7736127238021915,"{""straightlining"": {""irv"": {""attitude_scale"": 0.5}}, ""logical_contradiction"": {}, ""mahalanobis_outlier"": {""distance"": 4.7736127238021915}}"
3.0,2.0,5.0,2.0,3.0,1.0,3.0,5.0,1.0,2.0,100.0,False,,,False,False,False,2.2564521123804755,"{""straightlining"": {""irv"": {""attitude_scale"": 1.5}}, ""logical_contradiction"": {}, ""mahalanobis_outlier"": {""distance"": 2.2564521123804755}}"
4.0,1.0,4.0,2.0,4.0,1.0,2.0,1.0,5.0,2.0,100.0,False,,,False,False,False,2.00547428435282,"{""straightlining"": {""irv"": {""attitude_scale"": 1.6875}}, ""logical_contradiction"": {}, ""mahalanobis_outlier"": {""distance"": 2.00547428435282}}"
5.0,1.0,4.0,2.0,4.0,3.0,5.0,3.0,4.0,2.0,100.0,False,,,False,False,False,4.099988863530579,"{""straightlining"": {""irv"": {""attitude_scale"": 2.5}}, ""logical_contradiction"": {}, ""mahalanobis_outlier"": {""distance"": 4.099988863530579}}"
2.0,4.0,3.0,4.0,3.0,4.0,3.0,4.0,2.0,4.0,100.0,False,,,False,False,False,1.020198691884052,"{""straightlining"": {""irv"": {""attitude_scale"": 0.6875}}, ""logical_contradiction"": {}, ""mahalanobis_outlier"": {""distance"": 1.020198691884052}}"
1.0,4.0,3.0,3.0,3.0,2.0,2.0,1.0,2.0,4.0,100.0,False,,,False,False,False,3.5333898835075503,"{""straightlining"": {""irv"": {""attitude_scale"": 1.1875}}, ""logical_contradiction"": {}, ""mahalanobis_outlier"": {""distance"": 3.5333898835075503}}"
4.0,3.0,2.0,5.0,2.0,4.0,2.0,4.0,2.0,5.0,100.0,False,,,False,False,False,9.246611598676761,"{""straightlining"": {""irv"": {""attitude_scale"": 1.25}}, ""logical_contradiction"": {}, ""mahalanobis_outlier"": {""distance"": 9.246611598676761}}"
4.0,1.0,4.0,2.0,5.0,1.0,5.0,1.0,5.0,1.0,100.0,False,,,False,False,False,2.00547428435282,"{""straightlining"": {""irv"": {""attitude_scale"": 1.6875}}, ""logical_contradiction"": {}, ""mahalanobis_outlier"": {""distance"": 2.00547428435282}}"
4.0,1.0,5.0,2.0,5.0,1.0,4.0,2.0,4.0,2.0,100.0,False,,,False,False,False,2.426184026935451,"{""straightlining"": {""irv"": {""attitude_scale"": 2.5}}, ""logical_contradiction"": {}, ""mahalanobis_outlier"": {""distance"": 2.426184026935451}}"
5.0,1.0,5.0,1.0,5.0,1.0,5.0,5.0,5.0,1.0,100.0,False,,,False,False,False,4.418700891064336,"{""straightlining"": {""irv"": {""attitude_scale"": 4.0}}, ""logical_contradiction"": {}, ""mahalanobis_outlier"": {""distance"": 4.418700891064336}}"
2.0,4.0,2.0,4.0,2.0,3.0,1.0,4.0,2.0,5.0,100.0,False,,,False,False,False,1.6713583987865275,"{""straightlining"": {""irv"": {""attitude_scale"": 1.0}}, ""logical_contradiction"": {}, ""mahalanobis_outlier"": {""distance"": 1.6713583987865275}}"
5.0,1.0,5.0,3.0,3.0,1.0,5.0,3.0,5.0,5.0,100.0,False,,,False,False,False,6.173883067970903,"{""straightlining"": {""irv"": {""attitude_scale"": 2.75}}, ""logical_contradiction"": {}, ""mahalanobis_outlier"": {""distance"": 6.173883067970903}}"
2.0,4.0,3.0,3.0,3.0,2.0,2.0,4.0,1.0,4.0,100.0,False,,,False,False,False,1.7879259674311903,"{""straightlining"": {""irv"": {""attitude_scale"": 0.5}}, ""logical_contradiction"": {}, ""mahalanobis_outlier"": {""distance"": 1.7879259674311903}}"
4.0,3.0,4.0,3.0,4.0,2.0,4.0,4.0,2.0,3.0,100.0,False,,,False,False,False,1.9149468946550907,"{""straightlining"": {""irv"": {""attitude_scale"": 0.25}}, ""logical_contradiction"": {}, ""mahalanobis_outlier"": {""distance"": 1.9149468946550907}}"
